:020000040800F2
:100000006882012041020008013700086D350008B0
:10001000FD3600080D130008396D000800000000CF
:100020000000000000000000000000003144000853
:10003000571300080000000021420008B5470008DF
:100040005B0200085B0200085B0200085B0200081C
:100050005B0200085B0200085B0200085B0200080C
:100060005B0200085B0200085B0200080F13000837
:100070001B1300085B020008271300083313000855
:100080003F1300084B1300085B0200085B020008E6
:100090005B0200085B0200085B0200085B020008CC
:1000A0005B0200085B0200085B0200085B020008BC
:1000B0001F4800085F4800089F4800085B020008CE
:1000C0005B0200085B0200085B0200085B0200089C
:1000D0005B0200085B02000885510008915100088E
:1000E000591300085B0200085B020008E14B00089E
:1000F000274C00081B4C00085B0200085B0200084C
:100100005B0200085B020008DF4800085B02000891
:100110005B020008234F00085B0200082149000829
:100120005B0200085B0200085B0200085B0200083B
:100130005B0200085B0200085B0200085B0200082B
:100140005B0200085B0200085B0200085B0200081B
:100150005B0200085B0200085B020008A151000876
:100160005B0200085B0200085B0200085B020008FB
:100170005B020008193700085B020008000000005D
:100180005B0200085B02000800F002F800F049F88A
:100190000AA090E8000C82448344AAF10107DA45E2
:1001A00001D100F03EF8AFF2090EBAE80F0013F0EB
:1001B000010F18BFFB1A43F0010318473803010071
:1001C00078030100103A24BF78C878C1FAD85207E2
:1001D00024BF30C830C144BF04680C6070470000C1
:1001E0000023002400250026103A28BF78C1FBD840
:1001F000520728BF30C148BF0B607047642900F028
:10020000D380002070471FB50FF0CCFA9DE80300A3
:1002100000F038FA00F046FC1FBD10B500F0ABFC52
:1002200010BD00F009FD1146FFF7EDFF08F044FB9B
:1002300000F060FE03B4FFF7F0FF03BC06F018FF08
:100240000948804709480047FEE7FEE7FEE7FEE76A
:10025000FEE7FEE7FEE7FEE7FEE7FEE704480549A6
:10026000054A064B70470000034800088901000852
:10027000687A012068820120687C0120687C012066
:10028000704770B5064600F0E1F9056806F10B000D
:1002900020F00704B4429CBF002070BD2B466A6862
:1002A000BAB11068A04210D304F1080188423CBFE3
:1002B0005068586007D35168101941601168091BD4
:1002C000016058601460101D70BD13465268002A0A
:1002D000E7D12146284600F0C1F90028DED170BDE3
:1002E00070B50446051F00F0B1F90068002C14BF7A
:1002F000446870BD002C18BFAC423CBF2046646807
:10030000F8D301680A18AA4218BF456003D12A68C9
:1003100005461144016028684119A1421CBF6C6068
:1003200070BD6168696021680844286070BD000084
:100330000FB41CB5074B06AA7B446946009005988C
:1003400000F035FA0020694600F044FA1CBC5DF864
:1003500014FB00009904000070B50446856900682C
:10036000C10601D5302600E02026C00707D070BDA9
:10037000D4E9012130469047206A401C20626D1E5E
:10038000F6D570BD70B5044685690078C00707D101
:1003900070BDD4E9012120209047206A401C2062D2
:1003A0006D1EF6D570BD00002DE9F0410646002413
:1003B00010687529314616A510D0AFF300800028CB
:1003C00002DA404213A507E031688A0701D512A579
:1003D00002E0490704D511A5012401E0AFF3008034
:1003E00000210A2206F1240709E0B0FBF2FCB0FB71
:1003F000F2F302FB1C00303078541846491C0028E8
:10040000F3D123462A463046BDE8F04100F070B9EA
:10041000000000002D0000002B0000002000000064
:100420002DE9F05F894604464FF0000ADFF824B159
:10043000FB44C0F820A02046E168884700287DD012
:10044000252806D0D4E901219047206A401C20626B
:10045000F1E700255F462046E168884720280646E8
:1004600007DB312E05D2B81910F8200C08B105436E
:10047000F1E7A80701D525F00405C4F81CA0002762
:10048000C4F818A02A2E09D030460FF077F938B3F7
:1004900004EB8708303EC8F8186019E059F8041BCF
:1004A000204604EB87029161E1688847012F0646E8
:1004B00018D1E069002820DA25F020051DE0D8F8E1
:1004C000180000EB800006EB40003038C8F8180038
:1004D0002046E168884706460FF050F90028EED123
:1004E000012F0AD02E2E08D12046E16888477F1CB4
:1004F0000646022F45F02005C4DBA069002803DA78
:10050000404245F00105A061E80701D025F0100543
:10051000A6B1A6F14100192802D8203645F400659D
:100520004A463146204625604D46FFF767FE60B1DA
:10053000012807D0ED1D25F0070000E007E000F1DD
:10054000080978E705F1040975E730467AE7206A7B
:10055000BDE8F09F8AF3000010B5044603E00FF0F9
:1005600014F9401C09D014F8010B05490028F6D1F4
:10057000BDE810400A200FF008B94FF0FF3010BD61
:100580007C00002010B5431C02E010F8011B71B183
:100590008107FAD14FF0013202C88C1A8C4314EA59
:1005A000C211F9D0C01A0A0603D0C01E10BDC01A6D
:1005B00010BD0A0401D0801E10BD0902FCD0401EEF
:1005C00010BD00000000000030B44FF0013C50F8B6
:1005D000042B51F8043BCCFA52F4D51A20D1FCB9C3
:1005E00050F8042B51F8043BCCFA52F4D51A17D129
:1005F000B4B950F8042B51F8043BCCFA52F4D51A94
:100600000ED16CB950F8042B51F8043BCCFA52F4DB
:10061000D51A05D1002CDAD030BC4FF0000070475D
:1006200029BAB1FA81F111F01801D1F1200084400A
:10063000F2D1CA40CB4012F0FF0213F0FF0330BCEE
:10064000D01A70477047704770477047004870472E
:100650002C010020704770477047704738B504463A
:100660000A4600206946AFF30080002808BF38BD65
:1006700002460099204600F00FF9012038BD012004
:1006800000F0ACBAF8B5AFF30080054600200C4688
:10069000102000BF0646A819A0420DD9324669466F
:1006A0000020AFF30080070008BF00F097FA009821
:1006B000A04218BF0546C419FFF7C8FF05600746EA
:1006C000F01D20F007004619284600F00AF8B44251
:1006D00008BFF8BDA21B31463868BDE8F84000F0FD
:1006E000DBB800210160C0E901107047102070479D
:1006F0002DE9F0470D4699469246044600F124083C
:100700000168880604D5E06921F01001216000E04D
:100710000120A84201DD471B00E00027A1697A19EA
:1007200002EB0900081AA0612078C00602D4204616
:10073000FFF712FE002608E0D4E901211AF80600AE
:100740009047206A401C761C20624E45F4DB2078DE
:10075000C0060AD52046FFF7FFFD06E0D4E90121D7
:1007600030209047206A401C2062381EA7F1010704
:10077000F4DC07E0D4E9012118F805009047206A6D
:10078000401C2062281EA5F10105F3DC2046FFF77E
:10079000F9FD2078000602D50220BDE8F08701208F
:1007A000FBE7000001694A1C02610878704700B548
:1007B0008FB0CDE901310021059105497944CDE99A
:1007C000031011466846FFF72BFE0FB000BD000076
:1007D000E5FFFFFF0A6802F8010B0A60704710B5D9
:1007E000203AC0F00B80B1E81850A0E81850B1E8EA
:1007F0001850A0E81850203ABFF4F5AF5FEA027C29
:1008000024BFB1E81850A0E8185044BF18C918C058
:10081000BDE810405FEA827C24BF51F8043B40F8F9
:10082000043B08BF7047D20728BF31F8023B48BFDE
:1008300011F8012B28BF20F8023B48BF00F8012B1C
:1008400070474FF000020429C0F0128010F0030C32
:1008500000F0CD81CCF1040CBCF1020F18BF00F800
:10086000012BA8BF20F8022BA1EB0C0100F0BFB9AF
:100870005FEAC17C24BF00F8012B00F8012B48BFC0
:1008800000F8012B70470000004870472401002049
:100890000048704724010020034640688C46002829
:1008A00018BF88423CBF03464068F8D31868184414
:1008B000884207D00CF1030020F00700001D411A08
:1008C000521A0146081D0A60FFF70ABD2DE9F047DC
:1008D00005460C46C86820F4201040F48000C8602B
:1008E000800602D5084600F046FAE06841F282012F
:1008F0004FF0FF390140022903D0204600F0E4F90F
:10090000B5E000F42041B1F5004F0FD1C00306D58A
:100910006168E06A884200D80846606006E02069A5
:10092000E06260606069002000BFA061A0680022F2
:10093000EEB200280DDAE1688B050AD4C043A0604E
:1009400041F490302260E0606068411C6160067094
:10095000A5E0E0689046226040F40050E060206925
:1009600068BB606906F085FB012704F12405A0B18E
:10097000A08910F4407F08D0E069FFF782FC206175
:1009800018B1E06840F4006016E0E7612561E068B6
:1009900020F4407040F480600EE0E069FFF771FCE5
:1009A00000282061F1D0E06840F4006010F4407F3E
:1009B000E06002D140F48070E06020696060E0682F
:1009C00025696FF0010AC1051FD56168E06A884298
:1009D00000D80846411B04D02246284600F07EF984
:1009E000F0BBE068010203D5E562C4E9015854E0B8
:1009F000691CE1626160E16940F48030491EC4E92C
:100A0000021030462E70BDE8F087010202D500F4D6
:100A100080320AE06068411C61600670E0680A2E5E
:100A200040F48030E06006D00022E16A60688142D4
:100A300003D90B4602E00122F7E70346A7895B1BB7
:100A40007F0503D4E7699F4200DDE2B1814200D80F
:100A50000146E5620F1AC4E90158002B09DD00E0E8
:100A600005E022461946284600F038F908B1484604
:100A7000C9E747B1A069E5626560C01BA061E06895
:100A800040F01000E060E068000208D56168A069ED
:100A9000E562491B08446560A0615046B3E73046F3
:100AA000B1E7000010B54248542100F09EF84148DB
:100AB000542100F09AF84048542100F096F83F493C
:100AC0003B483C4A3F4B08603D490A603A4919603F
:100AD000531C0365481C1065012008653B48344AD7
:100AE00039A1784400F068F920B9384878440A38C8
:100AF00000F00EFA37482F4A35A1784400F05CF92F
:100B000020B9344878440A3800F002FA32482A4AB8
:100B10002FA1784400F050F920B92F4878440A38C2
:100B200000F0F6F940232248DC000021224600F0C4
:100B3000A8F820B125487844543800F0E9F91D4858
:100B400022464023002100F09CF820B1214878443F
:100B5000543800F0DDF9184822461023002100F037
:100B600090F8002806D01C487844BDE8104056385C
:100B700000F0CEB910BD104870B5006D20F0010432
:100B80000B4800F091F90B4800F08EF90A4800F08C
:100B90008BF909E0206D20F00105204600F084F972
:100BA0002046FFF79DFB2C46002CF3D170BD0000C2
:100BB000280000207C000020D000002000C0012080
:100BC0000000002004C001207200000042ED00007F
:100BD0007700000031ED00000AED000010B500F0D4
:100BE0009FF9BDE8104000F08EB94FF0000200B54B
:100BF000134694469646203922BFA0E80C50A0E840
:100C00000C50B1F12001BFF4F7AF090728BFA0E8ED
:100C10000C5048BF0CC05DF804EB890028BF40F8B9
:100C2000042B08BF704748BF20F8022B11F0804FFB
:100C300018BF00F8012B70477546FFF725FEAE463A
:100C400005006946534620F00700854618B020B5D8
:100C5000FFF704FBBDE820404FF000064FF000070F
:100C60004FF000084FF0000BAC46ACE8C009ACE810
:100C7000C009ACE8C009ACE8C00921F007018D4605
:100C8000704770B5C468A50713D0650211D4B2F5DA
:100C9000807F09D0B2F5007F06D0B2F5806F08D111
:100CA000012300F1240106E05D1E6FF07F46B5428E
:100CB00001D3012070BD0161C361416024F4706102
:100CC0001143C160002070BDC16821F4001141F0E2
:100CD0008001C16000218160016070472DE9F0470B
:100CE000814614460E464FF0FF383248D5685769A2
:100CF000054209D03846A1694FF0FF30002811DBCA
:100D00002C48C0430540E5602B46324649463846EC
:100D100006F0E6F9A16920F00042B21A1144002859
:100D2000A16103D02046FFF7CFFF4046BDE8F08722
:100D300070B504460569C06A6168884200D80846F3
:100D4000E16821F42011E160C90312D5A84208D05E
:100D50002246411B2846FFF7C1FF10B14FF0FF307C
:100D600070BD0020E562C4E90150E06820F48030E5
:100D7000E060002070BD10B50446C06820F020007F
:100D8000E060A16AA06988420DD02046FFF7D0FF3D
:100D9000E06820F4405040F01000E060A06AA061DC
:100DA0002069E062606044F24001E0688843E060EE
:100DB00010BD0000100002002DE9F0410C4616465F
:100DC000070047D0104600F06FF82078611C6128BA
:100DD0000AD0722802D077283CD102E001250024F5
:100DE00005E00225042402E0082448F2020511F877
:100DF000010B2B2806D0622809D011F8010C7428A9
:100E00000AD00BE045F0030544F00204EFE745F09B
:100E1000040544F00104EAE744F010043846214692
:100E200006F02FF9411C15D00021316171604FF49B
:100E30000071F560F1617061200704D5304602222F
:100E4000002100F095F8306D40F00100306530462B
:100E5000BDE8F0810020FBE72DE9F0410D46064694
:100E6000104C206DC10704D0410804D020F00104CB
:100E7000F7E722460EE05420FFF703FA07000ED0F2
:100E8000206D47F001010843542120653846FFF7E3
:100E9000ACFE3A4629463046BDE8F0418CE70020DA
:100EA000D6E70000280000202DE9F04704464FF067
:100EB00000094FF0FF37C568D4E90486A80707D0BA
:100EC0002046FFF735FF304606F0C8F8002802DA62
:100ED0003846BDE8F087280502D54046FFF700FAFE
:100EE0004C212046FFF781FE206D20F00100206597
:100EF0004846EEE710B50446AFF300802046BDE853
:100F00001040FFF797B9002801D006F0B1B870473C
:100F100010B500F0C3F8BDE81040FFF7F4BF0000C3
:100F200010B5012805D0002103A000F09DF8012094
:100F300010BD09A1F8E7000053494752544D454DF3
:100F40003A204F7574206F662068656170206D656A
:100F50006D6F7279000000003A2048656170206D65
:100F6000656D6F727920636F72727570746564005D
:100F70002DE9F041044616460D464769007B80077F
:100F80002ED0384606F075F850BB3EB3012E02D085
:100F9000022E25D104E0204600F0DFF805441DE0D4
:100FA0003846002000BFE168002841F01001E160F0
:100FB00005DA2046FFF788FE0120BDE8F081C9036D
:100FC0000BD56268E16A914200D81146A2691144CA
:100FD0002269891A814200DD08460544002D01DAA4
:100FE0000220EAE7E16A6068E268814206D2910382
:100FF000E06203D522F4003141F01002A669002717
:10100000AE4213DCE16A814201D90B4600E003469F
:1010100003EB060C2369ACEB030CAC4506DD814207
:1010200001D98C4600E084469C4505D1A760276025
:1010300042F02000A5620DE0AD1BE669AE1B8142C7
:10104000A66000D90846C01A281A206058196060A6
:1010500022F0200003490840E060002084F8487036
:10106000ABE70000BFCFD7FF70B505460C460A209E
:1010700000E06D1CAFF3008035B128780028F8D16E
:1010800002E0641CAFF3008014B120780028F8D18E
:10109000BDE870400A2006F04BB8000010B50146CC
:1010A00002A0FFF7E1FF012010BD000053494752A5
:1010B000545245443A2052656469726563743A201B
:1010C00063616E2774206F70656E3A200000000027
:1010D000032A40F2308010F0030C00F0158011F864
:1010E000013BBCF1020F624498BF11F801CB00F83C
:1010F000013B38BF11F8013BA2F1040298BF00F890
:1011000001CB38BF00F8013B11F003033FF467AB9C
:10111000083AC0F0088051F8043B083A51F804CB73
:10112000A0E80810F5E7121D5CBF51F8043B40F839
:10113000043BAFF30080D20724BF11F8013B11F844
:1011400001CB48BF11F8012B24BF00F8013B00F888
:1011500001CB48BF00F8012B704710B50146C268AB
:10116000900703D0900607D5886A0AE0FFF790FB46
:1011700001210160881E10BD8B69486818440B6905
:10118000C01A91F848301BB191F84910401A10BDAF
:101190001103FCD50028FADD401E10BD53EA020CF5
:1011A00000F069802DE9F04B4FF00006002B1FBFC7
:1011B000B3FA83F503FA05F424FA05F65E4012BF8C
:1011C0001643B2FA82F502FA05F4C5F120051EBFF6
:1011D00022FA05FC44EA0C04203556EA044C4FEA96
:1011E000144418BF641C4FF000084FF000099042EF
:1011F00071EB030C39D3002919BFB1FA81F701FA59
:1012000007F6B0FA80F700FA07F6C7F120071EBF0D
:1012100020FA07FC46EA0C062037B6FBF4FCA7EBE5
:101220000507103F07F01F0BCBF120062CFA06F63E
:101230000CFA0BFB44BFB3460026202FA4BF5E462A
:101240004FF0000B5BEA060C08BF4FF0010B19EBE7
:101250000B0948EB0608ABFB027C06FB02CC0BFB40
:1012600003CCC01B71EB0C01C1E70B4602464146A3
:101270004846BDE8F08B13B5084318BF4FF0FF3068
:101280000146AFF30080BDE81C40704702F0FF0349
:1012900043EA032242EA0242FFF7A9BCC16B0B6C8E
:1012A0000A6C13F0500F04D0D2060CD4896B096D70
:1012B000084742F4007008640868826812F0405FD2
:1012C00001D18A6902B17047C26A12F4700F02D06C
:1012D00082685205F7D4426822F020024260086C0E
:1012E00020F480700864086CC00448BF7047086C24
:1012F00040F0010008647047C06B40210164416CFC
:1013000041F004014164704770470000FEE740F679
:101310000050C2F2000000F0EFB840F62C60C2F2BC
:10132000000000F0E9B840F69060C2F2000000F062
:10133000E3B840F69C40C2F2000000F0DDB840F691
:101340006450C2F2000000F0D7B840F6C850C2F2B4
:10135000000000F0D1B8704743F61440C4F2010019
:101360000168C90458BF70474FF4805101604CF2C6
:101370007C10C2F20100006809F03CBCF0B581B0FD
:10138000002140F6E43C0091C2F2000CDCF83C1075
:10139000012901D102206CE00268012197B27B0093
:1013A00013FA82F4DCF80030CCF83C101021092A42
:1013B00084BF0C211E3C07255E58A540AE435E50FD
:1013C00086685D58A6402E435E504068062805D8C2
:1013D00000EB8000053803F1340409E00C2800EB31
:1013E000800087BF413803F12C04233803F1300417
:1013F0001F212568814025EA0101216042F2043E57
:101400002168C4F2010E07FA00F00843AEF54171FD
:101410008B4220602AD1122A06D1DEF8000040F467
:101420008000CEF8000021E022F0010010281DD13C
:10143000DEF80000102A40F40000CEF8000015D1BC
:1014400040F20400C2F2000000684DF68361C4F26D
:101450001B31A0FB0101880C00EB8000400000BFA5
:101460000090009810B100980138F9E70020CCF8FE
:101470003C0001B0F0BD000010B541F2F062C2F2D4
:1014800001020146D0F85CC01368806B022823D1AA
:101490000868D1F844E00468BEF1000F24F0160497
:1014A0000460446924F08004446101D1CC6C1CB117
:1014B000046824F008040460046824F00104046053
:1014C0000468E4070CD01468E41A052CF8D920202D
:1014D0008865032088630CE080208865012008E08F
:1014E000086E3F2202FA00F0CCF808000120886361
:1014F000002000224A6310BDF0B581B004460020F0
:10150000009040F20400C2F200000268D4E91760C3
:1015100048F2B51337680821C1F64E33814039428D
:10152000A2FB03250CD0226813685B0708D513685B
:1015300023F004031360B160A16D41F00101A165C6
:1015400001218140394208D022685269120604D52F
:10155000B160A16D41F00201A165042181403942D1
:1015600008D022681268920704D5B160A16D41F0DD
:101570000401A16510218140394217D0206802681A
:10158000120713D5B16002680168520306D4C90579
:1015900006D4016821F00801016001E0080301D4CC
:1015A000616C00E0E16C09B120468847216E202083
:1015B00000FA01F23A4237D020680368DB0633D5DF
:1015C000B260A36B0268052B18D122F016020260EC
:1015D000426922F080024261626C0AB9E26C1AB17F
:1015E000026822F0080202603F208840B0600120BB
:1015F000A063616D0020606391BB33E0016852031A
:101600000AD4C9050CD4016821F010010160012041
:10161000A0630020606303E0080301D4A16C00E034
:10162000216C09B120468847A06DD8B1A06DC007D4
:1016300014D00520A0632068A90A026822F00102E4
:10164000026000BF009A01328A42009202D802680A
:10165000D207F7D10120A06300206063216D09B19A
:101660002046884701B0F0BD2DE9F04141F2F0611C
:10167000C2F201010B6800284AD0022282630025D1
:1016800002684563156825F0010515601568ED07CA
:1016900007D00D68ED1A052DF8D903232025032165
:1016A0006BE0116848F23F03CFF21003D0E9015418
:1016B0000B4000F10C0E9EE8C2512B43234319430B
:1016C0003143394341EA0801436A41EA0C01042BE2
:1016D00041EA0E051ED1D0E90A4E016B4EEA050320
:1016E000194311605169BEF1000F21F0030141EA75
:1016F000040141F0040C13D0B8F5005F34D0B8F108
:10170000000F43D1022C44D0012C39D0002C3FE0F3
:10171000012126E01560516921F0070141EA030C1F
:101720006FF00F014AF6AB2351FA82F1CAF6AA23F1
:10173000A1FB03373B091BA7FB5C40F2FF375F2986
:101740004FF03F01C2F814C022EA070201FA03F188
:1017500088BF0432C0E917239160012300250021CE
:101760000BE00846BDE8F081032CD9D801234025C1
:101770000121DFE804F0020E020585658363F0E7CE
:10178000AEF1C071B1FA81F1490904E0032C04D330
:10179000C6D1CEF300610029C2D00123402501212A
:1017A000EBE700BF000610160006101670B5D0F863
:1017B00034C0BCF1010F08BF70BD4FF0010CC0F880
:1017C00034C0D0F85CE0D0F838C0BCF1010F36D19D
:1017D0004FF0020CC0F838C04FF0000CC0F858C0F1
:1017E000D0F800C08468456C006EDCF80060402CC6
:1017F00026F48026CCF80060CCF804300B4604BFF9
:1018000013460A463F2101FA00F0CCF80830CCF824
:101810000C20CEF80800DCF8000040F01600CCF8F0
:1018200000002DB1DCF8000040F00800CCF800000A
:10183000DCF8000040F00100CCF8000070BD002191
:10184000416370BD2DE9F04F82B000F13E4241F698
:10185000004502F1FF77C4F2020508224FEAB726DD
:10186000A84208BF0722072E38BF4FEAB7224FF021
:10187000010A002400274FF0000800920E680AFABF
:1018800008F916EA090F00F0AE80D1F804A00AF0BA
:10189000030BABF10106012E18D80322866802FA69
:1018A00004FECA6826EA0E06A240324382604268FD
:1018B000CAF3001522EA090205FA08F54FEA480CB6
:1018C0006FEA0E062A4342600CE000BF0322A240EA
:1018D000D643BBF1030FA44604D1A4464FF0030B3B
:1018E00022E000BFC2688D68324005FA0CF52A4339
:1018F000BBF1020FC26017D16FF0030202EA580277
:10190000024407F01C030F25D2F820E005FA03FA81
:101910000D692EEA0A0E05FA03F343EA0E03136279
:10192000D1F804A00AF0030B02680BFA0CF3324062
:101930001A431AF4403F4FF0010A026053D00022CC
:1019400043F644030192C4F202031A6843F6004EC0
:1019500042F480421A601A68C4F2010E02F4804216
:101960000192019A28F003024FF6084C7244CFF618
:10197000FF7C52F80C3007F00C060F25B540AB4346
:10198000009D05FA06F6334342F80C30DEF80820D5
:101990004B6842EA090643F60C4CDD0258BF22EAC6
:1019A0000906CEF80860C4F2010CDCF800209D02A4
:1019B00042EA090658BF22EA0906CCF80060DEF8C0
:1019C00004209D0342EA090658BF22EA0906CEF820
:1019D0000460DEF80020DB0342EA090658BF22EA71
:1019E0000906CEF8006008F101080437B8F1100FBD
:1019F00004F102047FF442AF02B0BDE8F08FB0B54D
:101A000082B0002143F608020191C4F20202936BF6
:101A10004FF6D81443F480739363936BC0F60004BD
:101A200003F480730193019B1368136813681568AE
:101A3000D2F8F85340F20405C2F200052D6812688E
:101A400013F4E053C2F38222A25C18BF012325FAEB
:101A500002F29A404DF68363C4F21B33A2FB0323C8
:101A600004464FF0FF3041F2C47542F2000200EB31
:101A70009340C2F20005C4F2000240F2E733C5E928
:101A800000202846C5E902132961A96100F04DF93B
:101A9000002874D1286C012871D10220286428689C
:101AA00041F2FF72C168C4F20002904241F00101AC
:101AB000C1600BDC40F2FF71C4F20001884213DC0C
:101AC000B0F1804F27D040F2004115E040F2FF31E5
:101AD000C4F20101884212DC41F60001C4F20001A7
:101AE000884218D0002112E040F60001C4F2000143
:101AF000884210D040F60041C4F2000109E044F2EF
:101B00000001C4F20101884205D040F20041C4F254
:101B10000101884204D1816801F00701062903D040
:101B2000016841F0010101604EF20410CEF20000A4
:101B30004FF4005101600F2C21D84EF60C50CEF21C
:101B4000000000684FF0FF32C0F3022080F0070170
:101B5000042928BF0421033802FA01F138BF00200C
:101B600024EA010101FA00F04EF22D410001CEF20B
:101B7000000108704CF27000C2F20100046002B073
:101B8000B0BD7047704700002DE9F04F87B00446A4
:101B900043F6000602A81421C4F20006FFF725F858
:101BA0002068B04202D007B0BDE8F08F002743F6AE
:101BB00030050197C4F2020528690DF1080840F4C8
:101BC0008040286128694FF0020900F480400190AC
:101BD0000198019728684FF0030A40F0040028603C
:101BE00028684FF0050B00F0040001900198019760
:101BF0002868414640F002002860286800F0020092
:101C0000019001980820029006F5E830CDE903978D
:101C1000CDF814A0CDF818B0FFF714FE4FF4005023
:101C2000CDE9020904A880E8800C06F5E6304146BB
:101C3000FFF708FE05F5215040F69C45C2F200056D
:101C400040214FF48062C5E90007C5E9021705F19C
:101C5000140014212A61FEF7C8FF2846FFF704FD8F
:101C600008B172B6FEE7A564EC639CE77047704765
:101C7000704770477047704770477047704710B59E
:101C8000C36B4FF0020C012B4DD00123C363C0F88E
:101C900040C00468D4F804E0D4F808C02EF0700303
:101CA000194341F2FF73C4F200039C4261600BDCF4
:101CB00040F2FF71C4F200018C4213DCB4F1804F9A
:101CC00027D040F2004115E040F2FF31C4F201019B
:101CD0008C4212DC41F60001C4F200018C4218D0A3
:101CE000002112E040F60001C4F200018C4210D045
:101CF00040F60041C4F2000109E044F20001C4F2E0
:101D000001018C4205D040F20041C4F201018C4235
:101D100003D12CF080011143A16001214FF0000C90
:101D20000164C0F83CC0604610BD00286CD070B59E
:101D30000446006C002854D10020E06342F6553080
:101D4000C0F6000042F6753142F6773242F2E93CC5
:101D5000C0F60001C0F6000242F67933C0F6000C6E
:101D600042F2EB3E42F2236542F6AD16C4F8A00003
:101D700042F6AF10C0F60003C0F6000EC0F6000534
:101D8000C0F60006C4F8A410C4F8A820C4F8B0C077
:101D9000C0F6000042F2E73141F67B4204F1C00C8C
:101DA000C4F8AC30C4F8B4E0C4E92E56C0F6000163
:101DB000C0F600028CE80700A16E41F67D4341F6B3
:101DC0007946C0F60003C0F60006C4F8CC30C4F86B
:101DD000D06021B941F60D61C0F60001A166204630
:101DE0008847022020642068211D02F096FF012010
:101DF00060666064A064E06420656065A065E0657D
:101E000020662064002070BD0120704781B000680A
:101E10004FF6FF71C4F2000188421FDD44F2FF312A
:101E2000C4F20101884239DC0021C4F20101884278
:101E30004ED044F20001C4F20101884240F081809A
:101E40000020009043F64000C4F20200416841F4D3
:101E500080314160406800F4803070E041F2004120
:101E6000C4F20001884241D041F60001C4F20001F1
:101E7000884257D041F60041C4F20001884260D147
:101E80000020009043F64000C4F20200016841F0D7
:101E900080010160006800F0800050E044F20041E1
:101EA000C4F2010188422FD044F60001C4F20101BE
:101EB000884246D10020009043F64000C4F2020060
:101EC000416841F480214160406800F4802036E0A0
:101ED0000020009043F64000C4F20200416841F047
:101EE00001014160406800F0010028E000200090FE
:101EF00043F64000C4F20200016841F02001016095
:101F0000006800F020001AE00020009043F6400036
:101F1000C4F20200416841F400314160406800F4BD
:101F200000300CE00020009043F64000C4F20200B4
:101F3000016841F040010160006800F0400000903D
:101F4000009801B0704780B5C26B012A4FF00202C1
:101F500000F0BE800123C3630264D0F800C04FF6D6
:101F60007772DCF8083023EA0202CCF808200B680C
:101F70004F2B28DC1F2B43DD202B44D0302B42D0AD
:101F8000402B40F0A780D1F804E0C968DCF820308D
:101F9000DCF8202022F00102CCF82020DCF8182008
:101FA00022F0F00242EA011123F00A0242EA0E0294
:101FB000CCF81810CCF82020DCF8081041F04701CC
:101FC00021F030017DE06F2B25DDB3F5005F46D0B9
:101FD000B3F5805F77D0702B7CD1D1E901E3C9687C
:101FE000DCF8082043EA0E0322F47F4243EA012191
:101FF0001143CCF80810DCF8081041F0770160E0DC
:102000000BB1102B66D1DCF8081021F070011943D8
:1020100041F0070155E0502B34D0602B5AD1D1F854
:1020200004E0C968DCF82030DCF8202022F010023F
:10203000CCF82020DCF8182022F4704242EA01316A
:1020400023F0A00242EA0E12CCF81810CCF820209F
:10205000DCF8081041F0670121F0100131E0D1E90E
:1020600001E3C968DCF8082043EA0E0322F47F424A
:1020700043EA01211143CCF80810DCF8081041F4C0
:1020800080411EE0D1F804E0C968DCF82030DCF8BB
:10209000202022F00102CCF82020DCF8182022F0C9
:1020A000F00242EA011123F00A0242EA0E02CCF8E1
:1020B0001810CCF82020DCF8081041F0570121F06E
:1020C0002001CCF808100022012101640021C16325
:1020D000104680BD0122F7E7002800F097802DE927
:1020E000F0470446006C0D4600284ED10020E06306
:1020F00042F65530C0F6000042F6753142F67732AE
:1021000042F6793342F2E93C42F2EB3E04F1A00898
:10211000C0F60001C0F60002C0F60003C0F6000CD5
:10212000C0F6000E42F2236642F6AD1788E80F5063
:1021300042F6AF10C0F60006C0F60007C0F6000079
:1021400042F2E73141F67B4204F1C00CC4E92E674C
:10215000C0F60001C0F600028CE80700D4F8901029
:1021600041F67D4341F67947C0F60003C0F600070B
:10217000C4F8CC30C4F8D07029B942F21121C0F6AD
:102180000001C4F89010204688470220206420688F
:1021900044F20702816891438160211D02F0BDFD78
:1021A00020684FF6FF7881688269D0F820C0D5E9B1
:1021B000007ED5E9023A47EA0109AF6922EA08023E
:1021C00043EA07234FF6FC47BB43D5E9077642EACB
:1021D0000A0229691A4342EA072242EA01112CF055
:1021E000AA026B6942EA0E0241EA063142EA031290
:1021F000C0F8089081610262012060666064A0649A
:102200006065A06520640020BDE8F087012070476C
:10221000F0B587B0044602A81421FEF7E6FC20685A
:1022200000F140404FEAB020032800F2AF80DFE821
:1022300000F0023D5D82002043F630010190C4F2BF
:1022400002010A6940F2004442F001020A610A698F
:10225000C4F2020402F001020192019A01900A689C
:10226000022542F001020A600A68012602F001021A
:102270000192019A01900868032740F0020008606B
:10228000086802A900F00200019001984FF4004094
:102290000290A4F5806003950496CDE90576FFF7DA
:1022A000D1FA082002A9E1C106966BE0002043F6AE
:1022B00030010190C4F202010A6942F002020A618F
:1022C0000A6902F002020192019A01900A6842F042
:1022D00002020A60096801F00201019101993021AE
:1022E00002910221CDE9031003201DE0002043F6F6
:1022F00030010190C4F202010A6942F004020A614D
:102300000A6902F004020192019A01900A6842F0FF
:1023100002020A60096801F0020101910199C021DD
:1023200002910221CDE9031040F20044059006918C
:10233000C4F2020426E0002043F630010190C4F20A
:1023400002010A6942F008020A610A6902F0080201
:102350000192019A01900868012240F00100086092
:102360000868022100F0010001900198032002900A
:102370000391CDE9042040F20040C4F20200A0F530
:102380008064069102A92046FFF75CFA07B0F0BD11
:10239000416C836C426DD0F858C0012908BF012BF5
:1023A00000D07047012AFCD1BCF1010F18BF704763
:1023B000022141648164416581650068016A21F000
:1023C00001010162016A41F001010162016A21F02B
:1023D00010010162016A41F010010162016841F0DF
:1023E000010101607047704770477047B0B50446FF
:1023F0000068C168026902EA0105A90714D56FF0F7
:10240000020101610121E1618069800702D0D4F8F5
:10241000B01005E0D4F8B81020468847D4F8BC10B6
:10242000204688470020E061680716D520686FF0D5
:10243000040101610221E161806910F4407F02D052
:10244000D4F8B01005E0D4F8B81020468847D4F886
:10245000BC10204688470020E061280715D5206879
:102460006FF0080101610421E161C069800702D0B9
:10247000D4F8B01005E0D4F8B81020468847D4F856
:10248000BC10204688470020E061E80616D5206889
:102490006FF0100101610821E161C06910F4407F13
:1024A00002D0D4F8B01005E0D4F8B8102046884720
:1024B000D4F8BC10204688470020E061E80707D028
:1024C0002068D4F8A0106FF001020261204688470E
:1024D000280607D52068D4F8D0106FF0800202617A
:1024E00020468847680607D52068D4F8A8106FF002
:1024F0004002026120468847A80658BFB0BD216847
:10250000D4F8C8206FF0200320460B61BDE8B0402E
:10251000104710B586B0044601A81421FEF765FBEC
:10252000206844F2FF31C4F2010188421CDC002122
:10253000C4F20101884237D044F20001C4F2010123
:1025400088426CD1002143F630000091C4F20200B1
:10255000026842F0100202600068032200F01000DE
:1025600000900098602032E044F20041C4F2010182
:10257000884234D044F60001C4F2010188424ED1B1
:102580000020009043F63000C4F2020001680322EC
:1025900041F0020101600068022100F00200009099
:1025A00000984FF400702CE00020009043F63000BB
:1025B000C4F202000168012241F0100101600068CC
:1025C000022100F01000009000984FF4D4400190D8
:1025D00040F20040C4F2020000F5406016E0002125
:1025E00043F630000091C4F20200026842F0020299
:1025F00002600068032200F00200009000984FF48F
:102600008070019040F20040C4F202000223029365
:102610000023CDE9033101A90592FFF713F906B0B4
:1026200010BD704700286CD070B50446006C0028BF
:1026300054D10020E06342F65530C0F6000042F667
:10264000753142F6773242F2E93CC0F60001C0F63D
:10265000000242F67933C0F6000C42F2EB3E42F241
:10266000236542F6AD16C4F8A00042F6AF10C0F6DE
:102670000003C0F6000EC0F60005C0F60006C4F860
:10268000A410C4F8A820C4F8B0C0C0F6000042F2FC
:10269000E73141F67B4204F1C00CC4F8AC30C4F819
:1026A000B4E0C4E92E56C0F60001C0F600028CE882
:1026B0000700A16F41F67D4341F67946C0F600035D
:1026C000C0F60006C4F8CC30C4F8D06021B942F29C
:1026D0000771C0F60001A1672046884702202064E8
:1026E0002068211D02F019FB012060666064A0646F
:1026F000E06420656065A065E065206620640020D8
:1027000070BD0120704770472DE9F0410446C06B51
:10271000012804BF0220BDE8F0810D464FEAB20156
:1027200001200329E06300F2C980DFE801F0021212
:1027300052922068294602F086FB206850F8181F44
:1027400041F008010160016821F0040101602A697B
:10275000B0E0216840F2004E0B6A086AC4F2010E34
:1027600020F0100008620846D1F8048050F8186F75
:102770002A6826F4E646AF6846EA022C23F02002D7
:1027800041F48066764542EA071307D123F0C00280
:10279000EB686FF0400707EA03131343764507D150
:1027A000D5E9057628F4406242EA870242EA8608C3
:1027B000C1F80480C1F818C06A682F698A630B6287
:1027C0008A6942F400628A618A6922F480628A61BD
:1027D0006FE0216840F200480A6A086AC4F2010802
:1027E00020F4807008620846D1F804E050F81C3FDD
:1027F0002F6823F07303AE6843EA070C22F40073DA
:1028000041F48062424543EA062307D1EE6840F274
:10281000FF47360223F44063BE433343424507D1AA
:10282000D5E905762EF4405242EA071242EA061E26
:10283000C1F804E0C1F81CC06F682A69CF630B625D
:10284000CB6943F00803CB61CB6923F00403CB6170
:1028500030E0216840F20043D1F820C0086A41F41A
:10286000806620F48050086208464A6850F81C7F51
:10287000C4F201039E422B6827F4E647AE6847EA9C
:1028800003272CF4005343EA063304D16E6922F483
:10289000804242EA86124A60CF616A682F690A6400
:1028A0000B62CA6942F40062CA61CA6922F480629A
:1028B000CA613A0201681143016000200021E1630E
:1028C000BDE8F08100286ED070B50446006C002889
:1028D00056D10020E06342F65530C0F6000042F6C3
:1028E000753142F6773242F2E93CC0F60001C0F69B
:1028F000000242F67933C0F6000C42F2EB3E42F29F
:10290000236542F6AD16C4F8A00042F6AF10C0F63B
:102910000003C0F6000EC0F60005C0F60006C4F8BD
:10292000A410C4F8A820C4F8B0C0C0F6000042F259
:10293000E73141F67B4204F1C00CC4F8AC30C4F876
:10294000B4E0C4E92E56C0F60001C0F600028CE8DF
:102950000700D4F8801041F67D4341F67946C0F671
:102960000003C0F60006C4F8CC30C4F8D06029B922
:1029700042F6AB11C0F60001C4F88010204688472B
:10298000022020642068211D02F0C7F90120606642
:102990006064A064E06420656065A065E065206611
:1029A0002064002070BD0120704770477047704759
:1029B00041B1082909D0042914BF00F1500200F1E7
:1029C000480204E000F1440201E000F14C02126808
:1029D000012A7BD141B1082909D0042914BF00F193
:1029E000500200F1480204E000F1440201E000F16D
:1029F0004C0202231360006801F01F010122036AE8
:102A000002FA01F123EA01020262026A0A4341F278
:102A1000FF71C4F20001884202620BDC40F2FF71D8
:102A2000C4F20001884213DCB0F1804F44D040F280
:102A3000004115E040F2FF32C4F20102904214DC82
:102A400041F60003C4F20003984235D0002314E09D
:102A500040F60001C4F2000188422DD040F600414A
:102A6000C4F20001884227D02CE044F20003C4F2F3
:102A70000103984220D040F20043C4F2010398427F
:102A800020D1436C884243F400434364C6DD904246
:102A900007DC41F60001C4F2000188420CD000219D
:102AA00007E044F20001C4F20101884204D040F280
:102AB0000041C4F20101D5E7816801F00701062950
:102AC00008BF7047016841F001010160704710B50F
:102AD000026801F01F0E4FF0010C146A0CFA0EF39D
:102AE00024EA0303136240F20043D2F820C042F408
:102AF0008064C4F201039C42C2F820C00DD1136A65
:102B000041F21114234208D1136A40F24444234293
:102B100003D1536C23F400435364136A41F211143C
:102B2000234208D1136A40F24444234203D113687C
:102B300023F001031360082906D0042906D00029D8
:102B400014BF5030443002E04C3000E048300121E6
:102B5000016010BD006842F20001C4F20001884229
:102B600018BF704741F2F060C2F201000168013104
:102B700001607047704770477047000070B582B0C1
:102B80000446806C202861D113460A4600295DD096
:102B9000002B5BD001202063002622206663A26206
:102BA000A385E664A0642168E06B44F6997C45F255
:102BB000190E44F63D75C0F6000CC0F6000EC0F6C6
:102BC00000050431C0E910CEC0E91456FEF7EEFD51
:102BD000019620680168019141680191019921697C
:102BE00051B100BF50E8030F216840F4807041E804
:102BF00003020AB12068F5E7206850E8050F216854
:102C000040F0010041E80502002AF5D1206850E8B3
:102C1000050F216840F0400041E80502002AF5D187
:102C2000206B012812D100200090206801680091DB
:102C300041680091009900BF50E8030F216840F0FF
:102C4000100041E803020AB12068F5E702B070BD48
:102C50007047704710B50446206850E8030F21689C
:102C600020F4907041E80302002AF5D1206850E872
:102C7000050F216820F0010041E80502002AF5D186
:102C8000206B01280AD100BF206850E8030F21689B
:102C900020F0100041E80302002AF5D1206850F826
:102CA000141F49061AD550E8000F00BF216820F014
:102CB000400041E805021AB1206850E8050FF5E729
:102CC000E06B58B100214165FEF7D6FB30B1E06BF7
:102CD000806D202802D11020E06410BD002020214A
:102CE000E085A164206310BD704770477047000005
:102CF000F0B581B004460068026884465CF80C3F79
:102D0000456902F02F01202903F0200106D129B1E5
:102D1000204601B0BDE8F04002F0D4B95FEA027E7F
:102D200008D005F0010713F4907F87F0010655D114
:102D3000002E53D0266B03EA0201CA063ED5012EAF
:102D40003CD10021009101680091416800910099F7
:102D50004069400600F19780A08DE18DE28D002A48
:102D600000F02B81401A010400F027815CE8001F6D
:102D7000226821F4907142E803131BB1216851E8E5
:102D8000031FF5E7216851E8051F226821F00101C2
:102D900042E80513002BF5D12021A1640021216315
:102DA000216851E8031F226821F0100142E8031353
:102DB000002BF5D102216163626FACE00A0600F1DD
:102DC000B080480640F1F980DCF8000020F04000B7
:102DD000CCF8000020206064616DCAE0D50718BF00
:102DE00013F4807503D0E56C45F00105E56402F04D
:102DF00004054FF0010C8CEA9505354303D1E56CD1
:102E000045F00205E56402F002058CEA55052E4303
:102E100003D1E66C46F00406E664394318BF01218D
:102E2000BEF1000F04D519B1E16C41F00801E16475
:102E3000E16C002900F0C18003EA0201890603D594
:102E4000204602F03FF920684069E16C00F0400044
:102E500001F00801401873D0204602F00BF92068F9
:102E600050F8141F490640F1838050E8000F00BF5E
:102E7000216820F0400041E80502002A66D0206861
:102E800050E8050FF4E7E16B0868426893B2002B45
:102E900000F09380A08D834280F08F80E285C96925
:102EA000B1F5807F32D05CE8000F00BF216820F4CC
:102EB000807041E803021AB1206850E8030FF5E77B
:102EC000206850E8050F216820F0010041E8050264
:102ED000002AF5D1206850E8050F216820F0400055
:102EE00041E80502002AF5D12020A06400202063DB
:102EF000206850E8030F216820F0100041E8030229
:102F0000002AF5D1E06BFEF7B7FAA08D02216163CC
:102F1000626FE18D401A81B2204601B0BDE8F040F9
:102F20001047616C212948D1A168B1F5805F01D1BA
:102F3000216951B3216A4A1C2262097841602BE061
:102F4000216E204688470020E06436E0E06B78B1CF
:102F500044F62F71C0F600014165816B02290DD145
:102F6000052181630068016821F00101016024E00E
:102F7000216E204601B0BDE8F04008478021816500
:102F800001B0BDE8F04001F0D2BF216A31F8022B58
:102F90006FF35F2242602162E08C01380104E0841B
:102FA0000BD1DCF8000020F08000CCF80000DCF849
:102FB000000040F04000CCF8000001B0F0BD002857
:102FC00000F0A28070B50446406CC8BB002043F2FC
:102FD0006751206443F26950C0F60001C0F600005A
:102FE0006165A16F43F2EF4243F2ED4342F6ED45D6
:102FF00042F6534C42F6EB4E42F6E946206542F665
:103000005140C0F60002C0F60003C0F60005C0F64D
:10301000000CC0F6000EC0F60006C0F60000A26567
:10302000E3652566C4F864C0C4F868E0E6666067D6
:1030300021B943F26D11C0F60001A167204688470F
:10304000242060642568D4E90212E069EB6823F467
:103050000053EB602B6923F440531A432A61D4E9EF
:1030600004231143EA68194349F20C6301439A436C
:103070001143E9606969A26921F4407141F200439A
:10308000114345F48062C4F201039A4240F2040203
:1030900043F60803C2F20002C4F20203696114BFDE
:1030A0000A210D2112681B68B0F5004F23FA01F1C7
:1030B0004FF6D81301F00701C0F60003595C6368AE
:1030C00022FA01F14FF01902A1FB02011ED15A00B0
:1030D000DB0FFEF763F848F21F51C5F2EB11A0FBBE
:1030E00001235A096FF0630302FB0300322303EB51
:1030F000C000A0FB01014FF4F87000EA111000EBD2
:103100000210C1F342111CE0012070479A009B0F8E
:10311000FEF744F848F21F51C5F2EB11A0FB012362
:103120005A096FF0630302FB0300322303EB001024
:10313000A0FB0101F02000EA511000EB0210C1F3E6
:1031400043110843A8602869202120F49040286199
:10315000686920F02A006861E86840F40050E8607F
:103160000020E0646164A164606370BD2DE9F047F4
:1031700086B0044601A81421FDF737FD206844F607
:10318000FF71C4F20001884279DD41F20041C4F2CE
:103190000101884200F0D18041F20001C4F2010136
:1031A000884200F0F38045F20001C4F20001884239
:1031B00040F09981002643F630000096C4F20200E8
:1031C0000169002741F4801101610169C4F202071D
:1031D00001F48011009100990096016801AD41F061
:1031E0000401016001684FF0020801F00401009140
:1031F0000099009601684FF0030941F00801016051
:1032000000684FF0080A00F00800009000984FF4A2
:103210008050019007F500602946CDE90286CDF87F
:103220001090CDF814A0FEF70DFB0420CDE90108A5
:1032300003A880E8400607F540602946FEF702FB38
:1032400040F6005546F21000C2F20005C4F202003A
:103250004FF000614FF4806285E843004FF4803006
:10326000C5E90362C5E90566EE61C5E908062846B9
:10327000FEF7FAF9002800F0FE8072B6FEE744F28D
:103280000041C4F20001884200F0AA8044F6000127
:10329000C4F20001884240F02681002643F6300047
:1032A0000096C4F20200016946F2100841F4802140
:1032B00001610169C4F2020801F4802100910099C2
:1032C0000096016841F008010160006801A900F062
:1032D0000800009000984FF4407001900220CDE962
:1032E000020603200490072005900020C4F202008B
:1032F00000F54060FEF7A6FA40F62C6508F11800CC
:10330000C2F200054FF0006A4FF480694FF48071FB
:10331000C5E9000A4FF400372846C5E90266C5E949
:103320000496C5E90661C5E90876FEF79DF900280F
:1033300000F0A38072B600BFFEE7002043F6300124
:103340000090C4F202014A6942F020024A614A69CF
:1033500002F020020092009A0090086840F00400F9
:103360000860086800F0040000900098C0200190F8
:103370000220029001200390032004900820059071
:103380000020C4F2020000F5006025E0002043F6B2
:1033900030010090C4F202014A6942F010024A6111
:1033A0004A6902F010020092009A00900A6842F006
:1033B00001020A60096801F00101009100994FF4CF
:1033C000C06101910221CDE9021003200490072081
:1033D00005900020C4F2020001A9FEF733FA82E052
:1033E000002643F630000096C4F20200016946F25E
:1033F000100841F4003101610169C4F2020801F4CE
:103400000031009100990096016841F008010160C7
:10341000006801A900F00800009000986020019069
:103420000220CDE902060320049007200590002029
:10343000C4F2020000F54060FEF704FA40F664555D
:1034400008F17800C2F200054FF0006A4FF480697D
:10345000C5E9000A4FF480372846C5E90266C5E988
:103460000496C5E90666C5E90876FEF7FDF8F0B1F1
:1034700072B600BFFEE7E56334E0E563EC6340F657
:10348000906508F14800C2F200054021C5E9000A34
:1034900005F1080080E842022846C5E90566C5E94D
:1034A00007676E62FEF7E0F8D8B172B6FEE7E56333
:1034B000EC6340F6C85508F19000C2F200054021C7
:1034C000C5E9000A05F1080080E842022846C5E97E
:1034D0000566C5E907676E62FEF7C6F808B172B601
:1034E000FEE7A563EC6306B0BDE8F0877047704760
:1034F000B0B50446406C202834D199B3002A134655
:1035000008BFB0BD4FF0000C21202162A384E384EA
:10351000C4F84CC06064A06B45F2310E45F26F05F3
:103520002268C0F6000EC0F60005C0E910E544F6BA
:103530003D75C0F600050432C0E9145CFEF736F9AB
:1035400020686FF0400140F8141B50E8000F00BFE6
:10355000216840F0800041E805021AB1206850E877
:10356000050FF5E7B0BD704770470000FEE70000AB
:1035700070B586B004464FF4006040F2184500264E
:1035800001900120C4F202050596CDE90206032050
:103590000490A5F1180001A9FEF754F94FF08060DE
:1035A0004FF48061286000BF62B2B2F1FF3F4FF478
:1035B0000062C8BF4FF000622A600E22013A00BFCD
:1035C000FCD10E22296000BF013A00BFFCD10E22BF
:1035D000286000BF013A00BFFCD16400072E06F14D
:1035E0000106E1D306B070BDB0B586B040F2184414
:1035F00000204FF400650121C4F2020405900195FA
:10360000CDE9021003200490A4F1180001A9FEF7EF
:1036100019F94FF48060256020601C20013800BF3C
:10362000FCD14FF0006020601C2000BF013800BFBB
:10363000FCD14FF08060206006B0B0BD10B586B000
:103640004FF4006140F21844002001910121C4F2BE
:1036500002040590CDE9021003200490A4F11800A3
:1036600001A9FEF7EFF84FF0806020604FF0006096
:1036700020601C20013800BFFCD14FF48060206026
:103680004FF4006020601C20013800BFFCD106B060
:1036900010BD0000B0B586B000204FF4006540F2C8
:1036A00000440590CDE901500120C4F202040390CA
:1036B0000320049001A92046FEF7C4F80720A56165
:1036C000013800BFFCD14FF48060A061072000BF2B
:1036D000013800BFFCD100202169090507D5FA286F
:1036E00000F10100F8D3FFF7A9FF012003E04FF03C
:1036F0008060A061002006B0B0BD0000FEE70000C1
:1037000043F60C00C4F202000168090644BF8021A0
:10371000817000BFFEE700002DE9F04F83B040F656
:10372000F46EC2F2000EDEF800406069C00700F0DF
:1037300071856069A169014200F06C856069A169C9
:1037400025460840800244BF4FF400106061606964
:10375000A1690840C00244BF4FF4801060616069F5
:10376000A1690840400144BF4FF08060606160691A
:10377000A1690840800744BF022060616069A169B7
:103780000840800040F1A0804FF000506061D4F804
:1037900040042546C00740F09780204603F04AFACF
:1037A000204603F023FA40F6F462C2F20002507A97
:1037B000022810D11068D0F8001421F00301C0F8DD
:1037C0000014D0F8001441F00101C0F800144BF6C9
:1037D0008031C0F80414D2F820740120002587F845
:1037E0002D0487F82C54D7F8DC8487F82F54D8F8A8
:1037F0001414012942D0D8F80090C8F81404029596
:10380000D9F8080047F6FF7620F00100C9F8080053
:103810004846C3F6FF7603F00DFA484603F0E6F992
:1038200009F5A0604159314001F1804141512035F5
:10383000B5F5007FF6D100214A018358334003F1EA
:1038400040438350029B01330293029BB3F57A7F7E
:1038500002D81358002BF5D401311029ECD14FF0C8
:10386000FF30C9F81404C9F81400D9F8080040F072
:103870000100C9F808000020C8F81404387B0F289C
:1038800007D807EB8000D0F890146FF3DF31C0F851
:103890009014787B0F2807D807EB8000D0F890149D
:1038A0006FF3DF31C0F890140122D7F8E40407F277
:1038B000EC41C7F8EC24002207F022F840F6F46E41
:1038C000C2F2000EDEF800506869A9690840C00124
:1038D00040F18480D5F840040190D5F84004009070
:1038E000009820F02E000090019880071DD50198C7
:1038F000C00716D0DEF820140120002281F82C0425
:1039000081F82D2481F82E24C1F8EC04D1F8E404C8
:1039100001F2EC41002206F0F3FF40F6F46EC2F231
:10392000000E009840F0020000900198000749D571
:10393000009840F0080000900198400705D4DEF898
:103940002004002180F82F143CE09EF80900022892
:1039500017D10198DEF8002000F4C020D2F800143E
:10396000B0F5802F21F00301C2F80014D2F8001442
:1039700002F580600ED141F00201016041F27071E8
:103980000DE09EF8070001280AD105F580604EF68B
:10399000602104E041F0010101604BF6803141609B
:1039A000DEF820240123D2F8E40482F82F3402F256
:1039B000EC41C2F8EC34002206F0A2FF40F6F46EAF
:1039C000C2F2000E0198800603D5009840F0200056
:1039D00000900098C5F84004DEF800506869A969B5
:1039E0000840000716D5DEF82004D0F8D0140131C5
:1039F000C0F8D01401680B290AD1D0F8881439B165
:103A00008969884740F6F46EC2F2000EDEF8005075
:103A1000082068616869A9690840800140F17F83D6
:103A2000D5F814049EF80510002900F0758385B2BE
:103A300004F5A0644FF0000B4FF0000808F00F00F1
:103A400025FA00F0C00700F0EF8154F80B10DEF803
:103A5000000009040BEB000ADAF80825DAF80C3547
:103A60000AF5A06902EA030202F004016AD40029FF
:103A700040F08880D9F80810D9F80C201140890648
:103A800000F19380D9F80810D9F80C20114089056D
:103A900000F1C280D9F80810D9F80C201140C907EC
:103AA00040F0C280D9F80810D9F80C20114049061E
:103AB00000F1DC80D9F80810D9F80C201140090772
:103AC00000F1F581D9F80810D9F80C201140C90689
:103AD00000F1F481D9F80810D9F80C20114009063A
:103AE00000F18E82D9F80810D9F80C201140490550
:103AF00000F1A182D9F80800D9F80C10084080071D
:103B000040F192810220CAF808050EEB4B00016DCE
:103B10000139082900F28881DFE811F0B30286013B
:103B2000C802D002E0020D02090086010900416CC2
:103B300002220131032902654164C0F0D2820021D2
:103B400040E200BF71BBD9F80810D9F80C20114031
:103B5000C9055DD4D9F80810D9F80C20114009071F
:103B60005FD4D9F80810D9F80C201140490579D450
:103B7000D9F80810D9F80C201140090600F18A8004
:103B800049469CE00421CAF808150EEB4B010722B8
:103B90000A655FFA88F103F071F840F6F46EC2F23C
:103BA000000E41E10721042276E02021CAF8081521
:103BB0000EEB4B06717E01290DD100217176022199
:103BC000F164032131655FFA88F103F057F840F69C
:103BD000F46EC2F2000EB07E012840F02581F07E26
:103BE000002840F0218196F82600032101281CBFFF
:103BF0000120F076DEF8000031655FFA88F103F00D
:103C00003DF840F6F46E0020C2F2000E70640BE145
:103C100008214FF480723FE04FF40071CAF8081594
:103C2000B7E70621082237E00EEB4B0100224A6479
:103C3000D9F80820D9F80C301A40520604D50122D0
:103C40004A764022CAF80825CA7E3AB10022CA76CE
:103C5000DAF8042522F48032CAF804250122C9F8D2
:103C6000082095E709214FF4806215E00EEB4B0127
:103C70008A7E002A4FF005020A6504BF01224A76B7
:103C800000224A645FFA88F102F0F8FF4020CAF887
:103C9000080582E707218022CAF808250EEB4B02AF
:103CA00011655FFA88F102F0E9FF40F6F46EC2F2A6
:103CB000000EDEF800000BEB000101F5A0618A6840
:103CC000C9681140890539D40BEB0001D1F80825EA
:103CD000D1F80C151140C9073DD100EB0B01D1F80B
:103CE0000825D1F80C351A40920668D4D1F8082579
:103CF000D1F80C351A40920700F1A080D1F80825C0
:103D0000D1F80C351A40520600F1C380D1F80825CD
:103D1000D1F80C151140C90640F186800EEB4B0618
:103D200096F82610002900F0DD80022900F0DA80E4
:103D3000032940F0EB8000217164DDE05FFA88F137
:103D400002F09CFF40F6F46E4FF40070C2F2000ED9
:103D5000CAF8080568E02021CAF808150EEB4B07E1
:103D6000F97E012907D10021F976DAF8041521F44A
:103D70008031CAF804159EF8061031B1396BDAF8B3
:103D800010256FF3DF42891AB963012200213A65D9
:103D90007964CAF8082597F82610032932D8DFE895
:103DA00001F0021A021A5FFA88F102F067FF40F68A
:103DB000F46E1020C2F2000ECAF8080522E020219D
:103DC000CAF808150EEB4B018A7E012A2CD101227C
:103DD000CA760322DCE6DAF80005002240F0005043
:103DE000CAF80005DEF820140120F864C1F8EC04DC
:103DF000D1F8E40401F2EC4106F082FD40F6F46EE5
:103E0000C2F2000E9EF80600012807D1B86B398D6A
:103E100008440138B0FBF1F0C00705D097F83C002A
:103E200080F0010087F83C009EF8050008F10108C9
:103E300080450BF1200BFFF401AE6BE10220CAF8C4
:103E400008050EEB4B00016D0139082900F2CB800B
:103E5000DFE801F0750579989D7106B40600E3E787
:103E6000416C02220131032902654164C0F0AE8039
:103E7000817E01294FF00001416440F0A4800021BF
:103E8000A0F81B10DAF8041521F48031CAF80415E3
:103E900099E04021CAF808150EEB4B018A7E002AF2
:103EA0004FF005020A6504BF00224A6471E608214A
:103EB000CAF808150EEB4B01062269E60EEB4B0122
:103EC0004A7E0023002A4FF004024B640A6503D1A6
:103ED0000A7E0AB901224A765FFA88F102F0CEFE24
:103EE0001020D4E69EF8061000294FF000017164FE
:103EF00002D0F17E012909D1042131655FFA88F1F0
:103F000002F0BCFE40F6F46EC2F2000EF07E012814
:103F10000DD10020F076DAF8040520F48030CAF8DC
:103F20000405DAF80C0540F02000CAF80C05102052
:103F3000C9F8080078E702210165052144E0022163
:103F40000165012140E0C17E0222012902654AD1BA
:103F5000C264DAF8041541F48031CAF80415DAF8BD
:103F60000C1541F04001CAF80C15DAF80C1521F0D7
:103F70002001CAF80C1590F8260040F00200022833
:103F80002BD030E090F826100222026520E0C17E9E
:103F900002220129026526D190F82610032917D1A3
:103FA000816C01310329816469D3416C00228264F0
:103FB0000229C2769CBF0121017763E7416C02228E
:103FC0000131026541640421C1640CE090F82610BF
:103FD00041F002010229C26405D1DAF8000562F35A
:103FE0009F70CAF80005DEF820240123D2F8E4040B
:103FF00002F2EC41C2F8EC34002206F081FCCCE580
:104000009EF8061021B30EEB4B00416C01310329E1
:1040100041642AD30021DEF8202441640421C164D4
:10402000D2F8E404012302F2EC41C2F8EC3400229D
:1040300006F066FC14E00EEB4B0109220A655FFAFC
:1040400088F102F01BFE40F6F46E4FF480607DE6CE
:104050000EEB4B0107220A655FFA88F102F00EFEB3
:1040600040F6F46EC2F2000E07E00221C164DAF8F5
:10407000000561F39F70CAF80005802068E6C264FD
:10408000B1E790F82610022201F0FE0102294FF05C
:1040900001010265C164A6D19EF80610012922D053
:1040A00040F6F46EC2F2000E69B39CE7C17E0129AE
:1040B0004FF00201016596D1022185E7C17E0222FF
:1040C00001290265C2647FF48EAF0021C176DAF85F
:1040D000040520F48030CAF8040584E70221016554
:1040E00072E7C26479E7416B40F6F46E0029C2F2D0
:1040F000000E3FF478AF028D11440139B1FBF2F1AB
:10410000C9073FF470AF90F83D1081F0010180F8CD
:104110003D1068E7DEF800504FF000706861686994
:10412000A9690840C00675D5A86920F01000A861EB
:104130002C6A04F4F010B0F5802FC4F30A1163D197
:10414000002961D004F00F0C0EEB8C18C2465AF80F
:104150002C2F002A58D0C14659F8380F59F8046C52
:1041600000EB010EB64507D940F6F46E0420C2F20A
:10417000000EC8F84C0047E0200900F003060020BC
:10418000B0EB910F144608D08F084FF480501446BE
:104190002B58013F44F8043BFAD196B14FF48050BC
:1041A0002A58002722FA07F0013E04F8010B3004D8
:1041B00007F10807F6D1D9F80000DAF8002000EB83
:1041C000010E5018CAF80000C9F800E005EB4C10C9
:1041D000D0F810250023C1F6F87340F6F46E1A42A9
:1041E000C2F2000E10D0B8F8282091420CD100F590
:1041F000A0600168022262F39F71016098F83C00A0
:1042000080F0010088F83C00DEF80000816941F090
:104210001001816103B0BDE8F08F000000000000D4
:10422000EFF30980BFF36F8F154B1A681EF0100F64
:1042300008BF20ED108A20E9F04F10602DE9090039
:104240004FF0500080F31188BFF34F8FBFF36F8F93
:1042500009F0D8FE4FF0000080F31188BDE8090096
:1042600019680868B0E8F04F1EF0100F08BFB0ECF6
:10427000108A80F30988BFF36F8F704700BF00BFBB
:10428000A4C101202DE9F04381B040F2A819C2F287
:10429000000999F80010044699BB03204FF6EA4143
:1042A0000027C0F6000140F25022C9F82870C9E981
:1042B000040009F11800C2F200024FF480638EC0BE
:1042C0004CF28000C2F20100C9F82C70C9E9181044
:1042D00045F252401022C0F25400C9F86820C9F8D3
:1042E0006C70C9E91C77C9F8070044F25350C4F256
:1042F0004770C9F8000044F24750C2F25200C9F8B2
:104300000300EFF311884FF0200181F31188D9F8F1
:104310002C0002280CD0012838D0002840F08280E0
:10432000D9F82410D9F8280088423AD9CA433CE089
:10433000D9F82460012700BFD9F828108E4205D291
:10434000F243D9F82000114405E000BFD9F820005D
:10435000F24311440144851BA94238BF0D46D9F8E8
:104360001C00BD4228BF3D46304421462A46FCF78A
:10437000AFFED9F82000A9197F1B0E1A2C4418BFD4
:104380000E46002FC9F82460D6D14BE0D9F824702E
:10439000D9F82810B94215D9FA43D9F820008D1858
:1043A00015E0D9F82020CB4318441044D0B3D9E904
:1043B0000720451A022D02EB010025D322784E1C5E
:1043C00002702DE0D9F82000FA4311440D18002D99
:1043D00018BF0125C61BD9F81C00AE42384405D9C8
:1043E00021462A46FCF774FE3D440AE02146324647
:1043F000FCF76EFEAD1BD9F81C00A1192A46FCF78C
:1044000067FEC9F824500DE021462A46FCF760FEFD
:10441000C5F10106D9F81C0061193246FCF758FEB7
:10442000C9F8246088F3118801B0BDE8F08300006A
:10443000074B19680868B0E8F04F80F30988BFF3AC
:104440006F8F4FF0000080F31188704700BF00BFEE
:10445000A4C1012086B040F2F464C2F20004002539
:1044600004F59160482184F8D854FCF7BEFB01267E
:1044700040202560C4E90156C4F8D054A0734FF41D
:104480008070C4F8280404F128004FF4806126628B
:1044900084F82450FCF7A9FB04F232405021FCF7C9
:1044A000D0F946F69D30C0F6000084F82F5484F809
:1044B0002C5484F82D5484F82E54C4F8E0041020B1
:1044C0000421002206F0D6F940F28412C4F8E40474
:1044D000C2F20002B4A010604FF400601821C2E9DB
:1044E000050146F2BD50C0F60000214606F0DCFB97
:1044F00094F8D814C4F8E80429B1D4F88C0400283E
:1045000079D072B6FEE740F6F46740F20008C2F2D6
:104510000007C4F204084FF00C09FE710226C7F828
:104520002044C4F8DC74C7F80080A7F80590A7F809
:104530000960FD72BD733D74D7F8180490BB0DF18E
:10454000040A4FF0000B50461421C7F814B4FCF7CE
:104550004CFB43F63005CDF800B0C4F202052868E4
:1045600001A940F002002860286800F002000090D5
:1045700000984FF4404081E841080320CDE9040948
:1045800040F20040C4F202005146FDF75BF9CDF85D
:1045900000B0286840F000502860286800F0005003
:1045A000009000980320C7F81804D7E900594FF489
:1045B0008071A86820F00100A860787AB1EB002F24
:1045C00032D1387CA96B4FF6BF7221F48031A963D8
:1045D000E968CFF6BD721140E960E968012821F46D
:1045E0004011E96003D1E86840F48010E860284693
:1045F00002F0D6FA2AE00120C4F88C044CF208003C
:10460000C2F20100C4F88404204601F059FD41F2D1
:10461000F060C2F2010001680268521AC92AFBD395
:10462000012006F0BBF8FBE77E7BE86840F0400025
:10463000E860284602F0B4FAA96B0022B2EB062F1C
:1046400014BF21F4803141F48031A96309F47F0162
:10465000B1F5803F07D1A96841F00601A960A968BA
:1046600041F02001A960F0B93D680021E86820F020
:10467000C040E860E86840F00050E86041F2F06057
:10468000C2F20100026800BF03689B1A0B2BFBD328
:104690006B69BD2901F10A0203D813F0010111462B
:1046A000F0D0C82A05D10220C7F8180472B600BF9E
:1046B000FEE70020D7F804A0C5F8000EA86B4FEA6B
:1046C0001A2640F40010A863A86B20F40020A86309
:1046D000A86B20F48020A863E868400609D40AF09B
:1046E0007F41D5F80004B1F1807F04D140F004008F
:1046F00003E0D5F8000420F00400C5F800042846C3
:1047000002F098FA8146284602F070FAF1B259B1E7
:1047100005F5A0624FF0FF33002600BF9360D6601E
:10472000013902F12002F9D10021A9614FF0FF31D6
:10473000454569610BD0802169628021C0F260012A
:10474000A962E021C0F24001C5F800110EE04FF46B
:104750000071696240F20021C0F20011C8F828100F
:1047600040F20031C0F2E001C8F800111AF47F0FE6
:1047700040EA090003D1A96941F01001A961A969C2
:104780000822CAF220321143A9610221002808BF81
:104790000121C7F818147FF489AF3868D0F80804ED
:1047A00080B2C4F8D004A8E6555342485F517565FD
:1047B0007565000080B54EF21000CEF20000006872
:1047C00047F64420C2F201000068C8B141F2F86027
:1047D000C2F2010000684FF0500080F31188BFF36F
:1047E0006F8FBFF34F8F0AF037FD30B14EF6045094
:1047F000CEF200004FF080510160002080F311885C
:1048000080BD4EF60850CEF20000D0F8801041F482
:104810007001C0F880104FF000610160704741F6F0
:104820009800C2F2000000680169C90708BF70471C
:104830006FF0010101614BF68801C2F200010068CE
:1048400049685FEAC06CD1E902234FF0FF3058BFDE
:104850000120801843EBEC72C1E90202704741F677
:104860006C10C2F2000000680169C90708BF7047F8
:104870006FF0010101614BF68801C2F2000100688E
:10488000C9685FEAC06CD1E902234FF0FF3058BF1E
:104890000120801843EBEC72C1E90202704741F637
:1048A0004020C2F2000000680169C90708BF7047D4
:1048B0006FF0010101614BF68801C2F2000100684E
:1048C00089685FEAC06CD1E902234FF0FF3058BF1E
:1048D0000120801843EBEC72C1E90202704741F6F7
:1048E0001430C2F2000000680169C90708BF7047B0
:1048F0006FF0010101614BF68801C2F2000100680E
:1049000009685FEAC06CD1E902234FF0FF3058BF5D
:104910000120801843EBEC72C1E9020270470000ED
:10492000F0B581B02DED0E8B41F6E830C2F20000FB
:1049300000680169C90700F03F816FF00101016162
:1049400041F61430C2F2000000684BF68805C2F24E
:104950000005D0F824C02A689FED998A93681769EA
:10496000D168A3FB07E4FE1703FB064316687943EF
:104970001EEB0C075941BB1B00EE103A6868C2E9F8
:104980000071B8EEC00A80EE082A9FED8E0A92ED03
:10499000053A9FED8D1A41F6980123EE013AC2F2D5
:1049A00000019FED8A9A9FED8AAA9FED8ABA9FED3A
:1049B0008ACA9FED8ADA22EE002A33EE022A92EDAD
:1049C0000F3A82ED052AB8EEC33A82EE032A09684F
:1049D00082ED062AD1F824C082680369C468A2FB6C
:1049E0000376D91702FB016104FB03F217EB0C03FA
:1049F00007685141DA1B02EE102AC0E90031B8EE17
:104A0000C22A82EE082A90ED053A23EE013A22EE00
:104A1000002A33EE022A90ED0F3A80ED052AB8EE17
:104A2000C33A82EE032AA96880ED062A41F64020A7
:104A3000C2F200000068D0F824C08A680B69CC6814
:104A4000A2FB0376D81702FB006004FB03F217EB0E
:104A50000C030F685041DA1B02EE102AC1E9003046
:104A6000B8EEC22A82EE082A91ED053A41F66C10A2
:104A700023EE013AC2F2000022EE002A33EE022AAF
:104A800091ED0F3A81ED052AB8EEC33A82EE032A82
:104A9000006881ED062AE968D0F824C08A680B69AD
:104AA000CC68A2FB0376D81702FB006004FB03F27C
:104AB00017EB0C030F685041DA1B02EE102AC1E914
:104AC0000030B8EEC22A82EE082A91ED053A40F68F
:104AD000104723EE011A0026C4F2020722EE000A54
:104AE00031EE000A91ED0F1A81ED050AB8EEC11AF8
:104AF00080EE010A81ED060A55F826403868B0EECE
:104B000049EA00073DD494ED060A94ED081A94EDA5
:104B10000D3A94ED0C2A31EE400A33EE031A30EED2
:104B2000411A32EE011A81EE081A94ED094A94ED09
:104B30000A5A94ED0B6A20EE087A20EE044A27EE1A
:104B4000055A94ED073A34EE054A84ED0C0A84EDDB
:104B50000D2A26EE011A34EE011A84ED0E1AB8EE73
:104B6000C30A31EE00EAB4EE4AEAF1EE10FAC8BF29
:104B7000B0EE4AEAB4EE4BEAF1EE10FAB8BFB0EE8E
:104B80004BEA626CBDEECE0A10EE100AB4EE4CEAAF
:104B90000146F1EE10FAB8BF0021B4EE4DEAF1EE95
:104BA00010FAD8BF0146204690470136BDEECE0A26
:104BB000042E84ED070A9FD1BDEC0E8B01B0F0BD31
:104BC0000AD7233C6666663FCDCCCC3D0000000092
:104BD00000007A4400007AC400007A4300007AC3DF
:104BE00041F21C60C2F2000000680169C90740F28E
:104BF0001801C4F2020105D06FF0010202614FF406
:104C000080720A600269920758BF70476FF0020213
:104C100002614FF080700860704741F2C470C2F2C8
:104C20000000FDF7E3BBF0B581B041F2F064C2F2E1
:104C3000000420680169890716D56FF002014CF263
:104C40007C050161C2F2010528684CF29411C2F2A0
:104C5000010151F82000416A002088472868C11EE0
:104C600018BF411C206829600169C90753D06FF043
:104C700001014CF27C060161C2F2010630684CF27F
:104C80009417C2F2010757F820000125416A01205C
:104C90008847306857F8200090F82110C9B1416961
:104CA0004CF6CD42CCF6CC42A1FB0212D0E9021365
:104CB00012095B1A00EE103A01EE102AC261B8EE3A
:104CC000C00AB8EEC11A80EE010A058480ED060A1A
:104CD00004E090F82010C1B18168C269013AC26154
:104CE0000ED090ED060A01EE102AB8EEC11A20EEA1
:104CF000010ABDEEC00A10EE102A1144C16005E0A1
:104D00000022C16080F8202000E0C16842681144A0
:104D100022680161516301B0F0BD10B540F6FF3E5D
:104D20000368C4F2000E40F2004C7045C4F2010C5E
:104D30000DDCB0F1804F17D040F20042C4F2000207
:104D4000904211D040F60002C4F200020AE040F6A0
:104D50000042C4F20002904206D0604504D0002216
:104D6000C4F20102904203D14A6823F07003134356
:104D700041F6FF72C4F2000290420DDC70451FDC68
:104D8000B0F1804F3FD040F20042C4F200029042A6
:104D900039D040F6000221E043F6FF72C4F201026E
:104DA00090421EDC42F20002C4F2000290422AD07D
:104DB0000022C4F20102904225D0604523D026E0B3
:104DC00040F60042C4F2000290421CD041F60002BC
:104DD000C4F20002904216D041F60042C4F2000232
:104DE0000FE044F20002C4F2010290420BD044F6FC
:104DF0000002C4F20102904205D044F20042C4F223
:104E00000102904203D1CA6823F44073134323F094
:104E100080024B69D1F800E08C681A430260C462DA
:104E200040F48062C0F828E0624504BF096901636C
:104E3000012141610169C90708BF10BD016921F065
:104E40000101016110BDB0B5026A036A22F00202DD
:104E500023F001030362D0F804E083690C6823F0B7
:104E600073038D6843EA040C40F2004440F480630D
:104E7000C4F20104A34242EA050205D1CD6822F042
:104E80000C0225F004052A43A34206D1D1E90554BA
:104E90002EF440732B4343EA040EC0F804E0C0F83C
:104EA00018C0496841630262B0BD00004FF0500174
:104EB00081F31188BFF36F8FBFF34F8F60B14CF256
:104EC0007401C2F201010A68531C0B602AB1A3B13C
:104ED000C3690A6020E000BFFEE74EF60453CEF23D
:104EE00000031B681B0612D04FF0500080F311889E
:104EF000BFF36F8FBFF34F8FFEE74FF0500080F38B
:104F00001188BFF36F8FBFF34F8F00BFFEE7C369F8
:104F10000A60002080F3118813B1D3E9001008471C
:104F2000704741F61070C2F20000FDF7E1BEC06BA1
:104F30000021C185C184016E0847000010B5C46B13
:104F400020684169626C212A11D111F080010ED0D4
:104F50000021E18450E8030F216820F0C00041E8FF
:104F600003020AB12068F5E72020606420684069E8
:104F7000A16C222907D110F0400004D00020E08568
:104F8000204600F077F8E06C216E40F010022046D9
:104F9000E264BDE8104008470168C06B0968C905B4
:104FA00030D40021C18500BF016851E8031F0268A9
:104FB00021F4807142E80313002BF5D1016851E818
:104FC000051F026821F0010142E80513002BF5D10D
:104FD000016851E8051F026821F0400142E805130D
:104FE000002BF5D120218164016B01290AD100BF7A
:104FF000016851E8031F026821F0100142E8031321
:10500000002BF5D100214163016B012902D1426FD0
:10501000818D1047C16D0847C06B01214163016B51
:10502000012903D1818D426F49081047816D0847DE
:105030000168C06B0968C90517D40021C18400BF8D
:10504000016851E8051F026821F0800142E805135C
:10505000002BF5D1016851E8031F026841F04001BF
:1050600042E80313002BF5D17047416D0847C06B30
:10507000016D0847016851E8031F026821F490712F
:1050800042E80313002BF5D1016851E8051F0268BF
:1050900021F0010142E80513002BF5D1016B012934
:1050A0000AD100BF016851E8031F026821F0100116
:1050B00042E80313002BF5D1202181640021016314
:1050C0007047000081B0816C222920D18368B3F53C
:1050D000805F08D10169002948D000F128010A68E1
:1050E00003685B680AE0014651F8282F13B9036989
:1050F000002BF5D003685B6803F07F0313700A6828
:1051000001320A60C18D01390A04C18501D001B0A4
:1051100070470168CA6822F02002CA60CA6822F497
:105120008072CA604A6922F001024A6120228264C8
:1051300000224263036B012B21D1026351E8031F5C
:10514000026821F0100142E803130168002BF5D139
:105150000A68D20606D5002200920A6800924968C1
:1051600000910099426F818D01B010470168826AF9
:1051700049686FF35F2122F8021B8262C2E7C16DAA
:1051800001B0084741F61060C2F20000FDF7B0BD63
:1051900041F69060C2F2000000210164FDF7A8BD55
:1051A000F0B581B042F2250041F69074C2F20000E1
:1051B000C2F2000402782068016802B3090644BF05
:1051C000C1685FEA016138D40168490644BFC1681B
:1051D0005FEA416147D40168890644BFC1685FEA5C
:1051E000816140F1EB804CF21911C2F2010140687B
:1051F0000A78002A50D0087801380870DEE04CF2B6
:1052000064278906C2F2000740F1A8806FF02001F0
:10521000016041683A68062A00F27680C9B2DFE888
:1052200002F004656E71757E8B005539B1FA81F11B
:10523000490939605521397190E04CF21A1142F256
:105240002403C2F20101C2F200030A781B789A42D9
:105250001DD20A78531C0B7042F21401C2F20001F5
:10526000895C4160B0E76FF040010160C16821F0E6
:105270004001C1604CF21B11C2F20101097859B31F
:1052800042F21001C2F2000101220A70A3E7C168D4
:1052900021F08001C16097E742F211014CF218122F
:1052A000C2F20001C2F201020B781778BB4280F013
:1052B00085800B785F1C0F704CF20817C2F2010753
:1052C000F85408781178884278D342F21000C2F27C
:1052D00000000121017071E041F21801C4F20201E5
:1052E0004FF080720A6080220A6074E75539B1FA83
:1052F00081F1490949003960552179712EE0B97170
:1053000003212AE0082926D3002126E0FA79397200
:1053100000217961062A18BF05223A601EE07A69E9
:10532000531C3A447B6151727969FA790331914295
:1053300004BF0621396011E0FA79002A44D0BB1D70
:10534000002500BF13F8016B013A2E44B5B2F9D124
:10535000F243D2B239E0F97104213960016849069B
:1053600010D40168090629D56FF080010160FA7E2A
:10537000B96A0332914223D24A1CBA623944097E87
:1053800041601BE06FF04001016097F82C1041B1C3
:105390004CF2DC10C2F20100006805F02BFC206822
:1053A00008E041F21801C4F202014FF080720A6075
:1053B00080220A60C16821F04001C16001B0F0BDE7
:1053C000C16821F08001F8E7FF2200238A423B6098
:1053D000C4D14CF2DC10C2F20100006805F00AFCF6
:1053E0002068BBE78268012A05D14FF4817281836E
:1053F00000218261C1830021002200F001B8000079
:1054000070B584B004468068022808D0012824D1F1
:10541000012502202161A2822562A06008E1206AA4
:1054200001380A2800F20381DFE800F0064F195C1A
:105430002C6C7E8FA044B700617B04F1180000251E
:105440000822CDE900500292204600220023039555
:1054500000F05EFE02202062E9E00125F2E0D4F8CF
:10546000D0042269A38A217BE08200200125CDE9B6
:1054700001230390204601220023009500F048FEFE
:10548000042088E094F829342069B3FA83F3A28ACF
:10549000617B5B090DF1040C01258CE80D002046B1
:1054A00000220023009500F033FED4F8D004E082FF
:1054B000062070E0607BD4F8DC1401EB8010C06C37
:1054C00004280DD002284BD11AE0607BD4F8DC14FC
:1054D00001EB8010C06C042818BF022840F08A80BD
:1054E0000B2099E0207BD4F8DC1401EB8010C06C19
:1054F000052800F0BB800428F2D0012840F09780F6
:10550000092089E0607BD4F8DC14012501EB8010D0
:10551000C06C0138042800F28B80DFE800F0037CC7
:105520008996A500072077E0217B00200125CDE9A1
:1055300001000390204601220023009500F0E8FDC1
:10554000D4F8D004E082082025E0207BD4F8DC14D5
:1055500001EB8010C06C052800F088800428BFD0C3
:10556000012864D10D200025206280E094F82904F0
:10557000617BB0FA80F0400900220125CDE90122CB
:105580000390204600220023009500F0C1FDD4F8CE
:10559000D004E0820A2020624AE094F8240001301E
:1055A000C1B2022984F8240003D801252562A56030
:1055B0003EE0D4F8E024204606219047607B00219D
:1055C0000F2884F8241007D804EB8000D0F890143A
:1055D0006FF3DF31C0F89014207B0F2807D804EB5D
:1055E0008000D0F890146FF3DF31C0F890140020E1
:1055F000206036E001281AD194F91800E18B0522C9
:1056000000284FF0070048BF032248BF09200029A7
:1056100018BF104600E0052020620322D4F8E404FD
:1056200004F2EC41C4F8EC24002205F069F90125EC
:105630000322D4F8E40404F2EC41C4F8EC24002280
:1056400005F05EF9284604B070BD0B2020620322ED
:10565000D4F8E40404F2EC41C4F8EC24002205F090
:105660004FF901200225D8E60C20206203250322F1
:10567000D4F8E40404F2EC41C4F8EC24002200263F
:1056800005F03EF90120A0602662D1E72DE9F04F38
:1056900085B0B1F5007F01D903201AE10446806886
:1056A0000E46012804F1280507D14FF4D06020836D
:1056B0004FF40070C4F81A00E683204629463246AB
:1056C000FFF79EFE002840F00481287809281CBFBF
:1056D0000920287094F82910B4F82AA0092084F829
:1056E000440484F8451494F82C10BAF5007F28BFC0
:1056F0004FF4007AD4F82D000A2EA4F846A484F8BA
:105700004814C4F84904C0F0D880BAF10A0F0191D6
:10571000C0F0D5804FF0090C002100260020092799
:105720002A7815446B781744042B40F0BE802A7801
:10573000092A4FF01A0201FB024B18BF85F800C07E
:105740008BF84EC4697802968BF84F14A9788BF8C1
:105750005014E9788BF851142B79022B28BF0223BF
:105760008BF852346979002B8BF85314AA798BF893
:105770005424EE798BF8556403962E7A8BF8566490
:1057800000F08F8002F0FE0281F0010182F002023F
:1057900011434FF0000E18BF01210491BAB25245D7
:1057A000BFF47AAF2A7815446E781744052E40F07E
:1057B0007580049810B1072028700BE003992878B1
:1057C00041B909284FF009004FF009021CBF2A70A7
:1057D000092000BF0BEBCE0686F85804687800213C
:1057E00086F85904A87886F85A0495F8039086F844
:1057F0005B94B5F804C0ACF10102A6F85CC4900A51
:1058000095F80680B1EB922F18BF032094F8292455
:10581000BCF5007F88BF0320022A86F85E840BD087
:10582000012A15D092B909F00302DFE802F017024D
:105830001F02A8F1010222E009F00302032A10D09E
:1058400022B9BCF1080F18BF032025E0032023E094
:1058500009F00302DFE802F0020D0217BCF1400F6D
:105860000EE0BCF1080F88BF032011E0BCF5007FFB
:1058700006E0A8F10102BCF1400F88BF03200F2A07
:1058800088BF032008E00021B1EB9C2F18BF032044
:10589000B8F1000F08BF03200EF1010E9E45FFF482
:1058A0007DAF029E4FF0090C0136B9B2514508D2C6
:1058B000F1B20229FFF434AF03E0002009E0002038
:1058C0000026019AF1B2022A28BF02228A4288BF2A
:1058D000032005B0BDE8F08FB0B5044680680D46E2
:1058E000012804F50A7107D14FF4D06020834FF4EA
:1058F0008070C4F81A00E58320462A46FFF780FD31
:1059000000B1B0BDD4F82802B4F82D12C4F83204A6
:1059100094F82C02A4F8371494F8291484F8360467
:1059200094F82F02022984F8390410D208384FEA7B
:10593000F001082906D2C008C0B28B2121FA00F07C
:10594000C00702D1082084F83904002004E002D105
:105950000828F7D1F9E70320092DD2D3B4F8301283
:1059600094F83622A4F83A14D4F8321284F8402479
:10597000C4F83C14B4F8371294F83922A4F841144E
:1059800084F84324B0BD0000B0B51446BAB1054652
:1059900080680A46012805F50A710AD102F54070AF
:1059A000688340F209404FF4D062C0F2FF002A83BE
:1059B000E8612846FF22FFF723FD10B1B0BD0320A8
:1059C000B0BD95F8290203281CBF0020B0BD95F892
:1059D00028020238FF2828BFFF2080B248B105F214
:1059E0002A2100228B5C023292B2824204F8013BEF
:1059F000F8D300202070B0BD70B50446D0F88804FC
:105A00000125C669F068052800F27580DFE800F01E
:105A1000037314032E41618D0A2969D304F1280010
:105A2000092200BF037818444578212D4CD01A4430
:105A300093B29942F6D85BE0F28EB2F5007F41D87E
:105A4000A06804F50A71012807D140F28160208323
:105A50004FF40850C4F81A00E2832046FFF7D0FC48
:105A600003282FD0002845D1042042E040F6212011
:105A700020834FF44850C4F81A000020E0832046E9
:105A800000210022FFF7BCFC032800D090BB0520BA
:105A90002FE040F62130208300200125E0832046BE
:105AA00000210022C4F81A50FFF7AAFC032809D0ED
:105AB00008BB0120D4F8E024F06020460221904782
:105AC000002518E0022516E0017886F82E104178AE
:105AD00086F82F1041883186017986F83210417995
:105AE00086F83310817986F83410B0F80700F08614
:105AF0000220F0600125284670BD80B582B00168A3
:105B00000B2909D190F830141A2211FB020191F8E7
:105B100055140139022913D3D0F8880400F042F853
:105B200070B101880722ADF800108178D0F8030029
:105B30008DF80210CDF803006946082006F0B2F88F
:105B400002B080BD2DE9F0410446D0F8880400275A
:105B5000C66940F2C860C2F200000780C0F8037056
:105B60004CF2E000C2F2010020214FF02008FBF7C8
:105B70003CF840F2D065C2F2000528462021FBF730
:105B800034F8308C4FF4A071212804F50A7028BF36
:105B9000A6F8208030610020F561B7763183776107
:105BA000BDE8F081B0B5D0F81CE0BEF820C0BCF173
:105BB000000F04D09EF81A0018B163462BE00020B5
:105BC000B0BD0120ACF101028EF81A00BEF816102B
:105BD00010FA82F04CF2E0020023C2F2010200BF90
:105BE000BEF8144089B2A14213D0DEF81040013350
:105BF000615C02F8011BBEF816104C1CBEF81810B0
:105C0000A5B2691A18BF21460138AEF81610E7D1BF
:105C10006346BEF820C099B2002061458EF81A0094
:105C200024D14CF2E001C2F201010A7D022A08BF30
:105C3000B0BDC8880F2300BA020C40F2C860C2F29F
:105C4000000002804A79CD7823EA020282704A7805
:105C50008B78097982F08002C270C3F17F020271F1
:105C600085F08002C1F17F0142718171B0BD70B5D4
:105C70000446D0F88804C5696978D9B1D4F8DC64E1
:105C8000D6F81404012809D030680122C6F814247B
:105C900000F0F4FF69780020C6F814040F2907D833
:105CA00004EB8100D0F890146FF3DF31C0F890144A
:105CB000002068702978D9B1D4F8DC64D6F81404CF
:105CC000012809D030680122C6F8142400F0D6FF5C
:105CD00029780020C6F814040F2907D804EB8100A6
:105CE000D0F890146FF3DF31C0F8901400202870C2
:105CF000D4F88804C06928B1FAF7F2FAD4F8880415
:105D00000021C161002070BD2DE9F04F83B0D0F8B3
:105D100088640446307900271A2100BF07FB01423E
:105D2000FF2803D092F85334834202D192F85424CE
:105D300022B1002F4FF00107F0D09DE094F8480405
:105D4000F9B2884240F298803C2084F83074FAF727
:105D500098FA0028F06100F08F803C210546FAF7A0
:105D600044FF1A2007FB0041072291F855046A609E
:105D7000012806D0022809D145F6C360C0F600000C
:105D800018E045F68B60C0F6000013E0B4F83C0460
:105D900040F27552904203D040F2265290426BD1AD
:105DA000B4F83A0442F26352904265D145F6453068
:105DB000C0F6000091F85E24A86391F8528491F82F
:105DC0005A04B1F85C144FF00009322AC5F8049067
:105DD000C5F80C9085F82200298498BF3222B8F1CA
:105DE000020F28BF4FF00208B8F1000FAA8445D077
:105DF0001A2107FB014B04F592664FF0000A00BF21
:105E000041B2B1F1FF3F2CDC0021687206EB810248
:105E10005278120604D501311029F7D1FF2105E08F
:105E20000246802363F31F2246F8212094F8292498
:105E300094F828342F8C0092032269700192C9B221
:105E4000C2B22046029700F0FDFA6878D4F8DC145C
:105E500001EB8010C17D00290CBF80F83D9080F8D7
:105E60003C900AF1010A5FFA8AF080450AD90BEBEF
:105E7000C00090F85A04C3E74FF00209484603B047
:105E8000BDE8F08F4FF00009F8E7D0F8881442F22F
:105E9000300CC969C2F2000C0B8C0022CCF8002037
:105EA000092BCCF8042024BF08230B8400F50A70CA
:105EB000502308610020C1F81CC08A760B834A6118
:105EC0007047D0F888144CF2501CC969C2F2010C1A
:105ED0000B8C0022CCF80020092BCCF8042024BF26
:105EE00008230B8400F50A70502308610020C1F8D4
:105EF0001CC08A760B834A617047000070B584B07D
:105F00000446D0F888040025C6697068062800F2A7
:105F10007580DFE800F00409737322394900B16B22
:105F200020468847012034E040F2A110F16996F83C
:105F3000202020834FF48070C4F81A002046E283AA
:105F4000FFF75EFA03284FF002024BD845A149A3A0
:105F500051F8201053F8205046E0F06996F82020C0
:105F6000717801230025CDE90030029220460122FC
:105F70000323039500F0CCF806207060D4F8D00419
:105F800086F82C50B06239E0D4F8D004C00701D0B4
:105F9000042070600222D4F8E40404F2EC41C4F856
:105FA000EC240022002527E07078D4F8DC1401EB03
:105FB0008010C16C052924D001292AD1806B0025CD
:105FC000E0B196F82C00C8B9B07E20B301200025BE
:105FD00086F82C002046B576FFF78FFD04F2EC41E1
:105FE000022204E007210225716004F2EC41D4F89A
:105FF000E404C4F8EC24002204F082FC284604B037
:1060000070BD96F822102046FFF7ECF908B904207D
:1060100070600025F2E7B6F820E0F0694FF0010C5F
:10602000BEF1000F86F81AC0D0D0B58A0023F18ADD
:106030001CFA85F28A42C9D011B9318B8A42C5D087
:1060400010F8011B3269ADB25155B18A328B013162
:106050008DB2AD1A03F1010318BF0D467345B58229
:10606000E5D3B3E7050000000100000007000000D1
:106070000500000000000000000000000200000019
:106080000000000080B5D0F88814C9694A68062A63
:1060900014D1D0F8D0C48B6A8A8CACEB0303934242
:1060A0000CD304224A60D0F8E424022300F2EC412D
:1060B000C0F8EC341046002204F022FC002080BD21
:1060C00081B0D0F8DC04D0F8141401291ED00121CD
:1060D00002684FF0000CC0F81414CDF800C0D2F8DC
:1060E00040340093009B23F02E0300930099009B03
:1060F000C90404D443F48051C2F8401400990168E3
:106100008A6842F001028A60C0F814C401B0704786
:106110002DE9F04F81B0D0F8DC84DDF828E091461D
:1061200008EB8112BEF1000F02F12A0682F81790E7
:1061300082F8263002D00225357003E00D98032541
:1061400035705076DDE90B04032B1BD8DFE803F034
:1061500008180202B9F1000F0DD092F83C700CE063
:10616000BEF1010F0ED1B9F1000F00F04F81977E03
:10617000012FF2D006E092F83D700FB1022500E049
:106180000025357094464CF8344F00264CF8080C26
:10619000CCF80460CCE906660027D8F800E0C4F229
:1061A000040798F80680BE450CF81F1C1CD092F816
:1061B0001AB0BBF1010F06D1B9F1000F3CD0148D1C
:1061C0004FF0010A52E0002C47D0168DA719013F6D
:1061D000B7FBF6FA1FFA8AF7B7F5807F82BF36025F
:1061E00016634FF4807A3AE0B8F1010F0FD143F013
:1061F0000206022EDBD1967E002ED8D10EEB411680
:10620000D6F80C7527F07007C6F80C75CFE7167E28
:10621000002ECCD1567E012EC9D107EB41100021B2
:10622000C8F20801C0F81015D0F80015022262F378
:106230009F71C0F80015E6E0012B1BD11746BD2C5D
:1062400027D357F8206F3C89013E012E3C61CCF8E2
:10625000004000F2E180022623E04FF0010AB9F18C
:10626000000F05D0148D1FFA8AF6744314631DE0E5
:10627000146319E0B8F1010F09D1168DA64206D2B8
:1062800016634FF0010A4FF0000934460EE0146324
:1062900008E057F8206F013E022E3C6134BF032610
:1062A00004263E604FF0010A4FF000096FF3DF440F
:1062B0006AF3DC4444EA45760EEB411707F5A06427
:1062C000B8F1000FC7F8106518BF6061DEF8086408
:1062D00027688A4627F0005727604FF00057256847
:1062E00027EA46712943BBF1010F216034D192F8AE
:1062F000241092F82550D67E41EAC51101F10041E3
:106300006160E168012E41F06001E16008BFB9F110
:10631000000F07D1616841F480316160E16841F0AC
:106320004001E16043F00201032917D1012E08BFAB
:10633000B9F1010F44D0012B08BFB9F1000F0DD105
:10634000116A4E1E032E09D8DFE806F0026B6F7348
:10635000616841F4004100E0002161602168B9F109
:10636000000F0091009921F080410091009E0CBF28
:1063700026F4004146F400410091009958EA0905CD
:1063800041F000410091009921603CD1DCF80010FF
:10639000002938D0D27E002A35D1032B22D8DFE85D
:1063A00003F002130213CA1CC2F38F02DEF82C3072
:1063B0009BB29A4216D9DEF8182042F020020FE074
:1063C000616841F48031C8E7CA1CC2F38F02DEF86D
:1063D00010349BB29A4205D9DEF8182042F0806250
:1063E000CEF81820032212FA81F20021B1EB920FAD
:1063F00009D092080EF580534FEA0A3150F8047B19
:10640000013ACF50FAD101B0BDE8F08F02F13D0E54
:106410009CB19EF80070B0E64FF0010AC7F800A0EA
:1064200042E7616841F00E0197E7616841F48041FD
:1064300093E7616841F440418FE701278EF80070CF
:106440009CE600002DE9F04382B0D0F8DC04D0F8DF
:106450001474012F00F0AE800124DDE90ACEC0F8EB
:10646000144400EB811402F07F060025A675D609BE
:1064700065762375617584F826C06583A584E67505
:1064800004680095D4F84054DDF824800095009D00
:10649000BCF1010F0CD115F4C02F754608BFBC2507
:1064A000B8F1010F18BF7546BEF1BC0F88BFAE46EC
:1064B000066800EB811506EB411785F81880A5F8F2
:1064C00028E007F5A0654FF0FF34BCF1030FC7F8D3
:1064D000084529D8DFE80CF00212021D57B240F23D
:1064E0009D44B7F1FF3FEC601ADD0024C4F20404C0
:1064F000A64219D1EC6844F0600414E057B240F2AF
:106500002524B7F1FF3FEC600EDCEC6844F4C07466
:1065100009E057B240F29D64B7F1FF3FEC6003DC45
:10652000EC6844F48074EC604FF00009C5F8049006
:10653000EC6801F00F0144F00204EC600124D6F88D
:10654000187404FA01F13943C6F81814B1694FF40C
:10655000004441F00071B161CDF80490D6F84014C8
:1065600004EA0224019103F07F0362F3CE2401992F
:106570000CF0030644EA83526FF3DF2E42EA8642B0
:1065800001F4C0217244B1F5802F114618BF01F506
:106590000031B8F1020F18BF11464CF0020241F46D
:1065A0008011032A296003D1296841F00051296034
:1065B000C0F81494002002B0BDE8F0838AB004460D
:1065C00000F2EC4500F592662830069004F2324065
:1065D00041F2F068059004F50A704FF002094FF09F
:1065E000030B0127C2F201084FF0000A049000BF1C
:1065F000D4F8E404EFF305810029F9D10028F7D09D
:1066000029464FF0FF3208F007F80128F0D1CDF805
:106610001C9094F82D04012808BFC4F800B020682D
:106620000B28E5D8DFE810F00D0042004B007700A2
:106630000C00B600F00000010A011F013A015301ED
:10664000D6E794F82C040028D2D02760D8F80000B0
:10665000D8F80010091AC929FAD3D4F8DC04006864
:10666000CDF820A0D0F840140891089921F02E010F
:106670000891089941F48071C0F84014D8F80010CE
:10668000D8F80020521A652AFAD3089921F48071AB
:10669000C0F84014D8F80000D8F80010091A0B29E7
:1066A000FAD384F828A4C4F8D4A46AE194F82F0497
:1066B000012840F0478184F82BA4022051E1D4F84E
:1066C000E02412B1204604219047D8F8000000BF12
:1066D000D8F80010091A6529FAD3D4F8DC0400218F
:1066E00000680991D0F84004052209900998C0F388
:1066F0004140032808BF012084F82904226000BF1C
:1067000006EB81025278120640F1EA80013110292D
:10671000F6D1FF21E8E03046402184F82DA4FAF7B5
:1067200064FA4020C4F800A0C4E901A7C4F8D0A4CA
:10673000A0734FF48070C4F8280406984FF4806169
:10674000276284F824A0FAF750FA05985021FAF746
:1067500078F8D4F8880420B1C16820468847C4F886
:1067600088A4D4F8E02412B120460521904794F87B
:106770002E04012840F0F780204684F82EA4FFF76D
:106780009FFCD8F8000000BFD8F80010091AC929EA
:10679000FAD3F6E06068072800F2CA81DFE810F05B
:1067A00008004101F8004C0135017901860193018F
:1067B00020460821FFF790F8032800F0AA8100285E
:1067C00040F0B68194F8397494F829044FF0010B25
:1067D000217B94F82834A773C4F804B0CDE9000AEB
:1067E000204680220297FFF72DFE94F8290494F8A2
:1067F0002834617BA77BCDE9000A2046002202975E
:106800000127FFF71FFE95E1D4F8880400285CD02B
:1068100001692046884707900798002800F0B68055
:106820000798022851D097E1D4F8E024002A3FF4D9
:10683000DFAE20460121904708208CE1A0680128A6
:1068400007D194F849044FF4106121836083C4F8A0
:106850001CA0204600210022FEF7D2FD002840F0B7
:10686000908009207DE094F84B04800614D5A06840
:10687000012806D14FF440702083C4F81A70A4F8A0
:106880001EA0204600210022FEF7BAFD07900798BF
:1068900010B10798032874D10A2062E0D4F88C0460
:1068A000002800F05981D4F8840494F85314027934
:1068B000C4F888A48A4208D1C4F8880428B1816841
:1068C00020468847002800F00D810D2043E1D4F8D0
:1068D000880400283FF48CAE41692046884787E64B
:1068E0004FF4004246F821206173002106EB81023B
:1068F0005278120604D501311029F7D1FF2103E0A7
:1069000048F2800246F82120A27B94F828342173B3
:1069100000900292C9B220468022CDF804A0FFF771
:1069200091FD94F8290494F82834617BA77BCDE984
:10693000000A204600220297FFF784FDD4F8E40401
:10694000012720E0D4F8D404B0F57A7F0FD994F869
:106950002B040130C1B284F82B040020032988BF26
:106960000D2020600DE02046FFF7AAFB09E00A3069
:10697000C4F8D404D8F80000D8F80010091A0B297C
:10698000FAD3D4F8E404C4F8EC74EAE00B20E2E0B3
:10699000A068012806D14FF4A0602083C4F81A70C3
:1069A000A4F81EA0204600210022FEF729FD03289E
:1069B00000F0BA80002840F0BB80D8F80000032225
:1069C000D8F80010091A0329FAD394F829044FF0D3
:1069D000010B217BA77B84F828B46260CDE9000A13
:1069E0002046802201230297FFF72CFD94F829040A
:1069F00094F82834617BA77BCDE9000A2046002269
:106A00000297FFF71FFD012794E0B4F846142046D3
:106A1000FEF73CFE032819D0002840F089800520AD
:106A20004FE020461221FEF757FF03280ED0002822
:106A30007ED1C4F804907BE020460921FEF726FEB3
:106A4000032803D0002873D104203AE094F82A04E4
:106A50000130C1B2042984F82A0462D2607B0F2875
:106A600007D804EB8000D0F890146FF3DF31C0F842
:106A70009014207B0F2807D804EB8000D0F89014E6
:106A80006FF3DF31C0F89014C4F804A0C4F800A07C
:106A90004EE094F8401439B1049A2046FEF774FF92
:106AA000032801D0002843D1062024E094F84114A3
:106AB00001B3049A2046FEF767FF03281AD0B8BB3B
:106AC0000720606034E094F84214F9B1049A20463B
:106AD000FEF75AFF4FF0000B60B3032818BF4FF0CA
:106AE000010B27E006202060D4F8E0242046032193
:106AF000904731E007206060D4F8E4040521C4F831
:106B0000EC142946002203F0FBFE11E04FF0000BCD
:106B100010E094F82A040130C1B2042984F82A0450
:106B200024D30D20206003E00D202060C4F804A0D1
:106B30004FF0010BCDF81CB007984FF0030B002865
:106B40007FF456AD94F8430484F830A401284FF044
:106B5000070008BF08202060D4F8E4040521C4F829
:106B6000EC142946002203F0CBFE41E5607B0F28A0
:106B700007D804EB8000D0F890146FF3DF31C0F831
:106B80009014207B0F283FF681AF04EB8000D0F8F3
:106B900090146FF3DF31C0F8901477E7704700006E
:106BA00081B00021009100BF00990131009100994E
:106BB000B1F1706F16D80169B1F1FF3FF4DC00212B
:106BC0000091016941F00101016100BF00990131AB
:106BD00000910099B1F1706F04D80169C907F5D12E
:106BE000002000E0032001B07047000081B00021C8
:106BF000009100BF0099013100910099B1F1706FCF
:106C000014D80169B1F1FF3FF4DC0021009110219B
:106C1000016100BF0099013100910099B1F1706FDD
:106C200004D80169C906F5D4002000E0032001B0B2
:106C30007047000081B00021009100BF0099013130
:106C400000910099B1F1706F14D80169B1F1FF3F63
:106C5000F4DC002100914FF484610161009901315D
:106C600000910099B1F1706F04D801698906F5D4DB
:106C7000002000E0032001B07047000010B581B093
:106C80000022009200F5A0624B0102EB411152F884
:106C900003C052F803E04C688168002C0CD411F05A
:106CA000200109D0BEF1FF3F43DC4FEA9C410124A3
:106CB00064F35F0103293CD099585FEA4C3441F0FA
:106CC0008041995019D4816889062ED4C16A985898
:106CD00011F47F0F2AD120F000409850985840F0CE
:106CE000004098500098013000900098B0F57A7FED
:106CF0001FD898580028F5D41BE0D0F810149858E5
:106D000011F47F0F12D120F000409850985840F0B5
:106D1000004098500098013000900098B0F57A7FBC
:106D200007D898580028F5D403E0985840F0004060
:106D3000985001B010BD0000FEE7000070B51C4681
:106D400015464E00FCF750FCF0B2FCF711FCFCF7C6
:106D5000A1FC28B92846FCF70BFCFCF79BFC08B10A
:106D6000012070BD049D4DB12078FCF701FCFCF7BB
:106D700091FC38B9013D04F10104F5D1FCF75EFC4A
:106D8000002070BDFCF75AFCEAE700002DE9F04F47
:106D900085B01C4615464E00FCF726FCF0B2FCF709
:106DA000E7FBFCF777FC78B92846FCF7E1FBFCF73A
:106DB00071FC48B9FCF718FC46F00100C0B2FCF7C2
:106DC000D7FBFCF767FC18B1012005B0BDE8F08FD8
:106DD0000E9F002F00F0718040F20045C4F20205C2
:106DE0004FF4006B4FF080664FF480694FF0000A5B
:106DF0000120CDF810A0CDE900BA02900320039045
:106E000028466946FAF71EFD4FF00008002000BF33
:106E10000E21AE61013900BFFCD1C5F81890296977
:106E20000722C90A013A00BFFCD101F0010141EA81
:106E30004808072800F10100EAD3F8B20128AE6142
:106E40001AD10120CDF810A0CDF800B0CDE9010A8B
:106E50000320039028466946FAF7F4FC0E20C5F893
:106E600018B000BF013800BFFCD10E20C5F8189043
:106E7000013800BFFCD11AE00120CDF810A0CDF8F8
:106E800000B0CDE9010A0320039028466946FAF7CD
:106E9000D9FC4FF00060A8610E2000BF013800BF90
:106EA000FCD10E20C5F81890013800BFFCD1013F7D
:106EB000AE61380604F8018B9AD1FCF7BFFB0020C5
:106EC00083E72DE9F04383B04CF22807C2F20107B3
:106ED00004467868914603680E46002239785D685A
:106EE0008DF80A204FF001080DF10A032246CDF873
:106EF0000080A847013012D09DF80A0000EA060180
:106F0000786841EA0902036839781F688DF80B2018
:106F10000DF10B032246CDF80080B84701E04FF099
:106F2000FF3003B0BDE8F0832DE9F04784B04CF2A8
:106F30002808C2F20108D8F80400B022036898F8C3
:106F400000101F688DF80C20012603AB602200960C
:106F5000B847EFF3058008B107F022F847F65C2A3E
:106F6000C2F2010ADAF80070EFF3058008B107F009
:106F700017F8DAF80000C01B80087C2869D84FF0A9
:106F8000000901250DF10D04D8F8040098F800104F
:106F90000268234656684D228DF80D900095B04743
:106FA000013003D09DF80D0080280ED00A2003F098
:106FB000F5FBEFF3058008B106F0F2FFDAF8000008
:106FC000C01BB0F5FA7FDFD343E0D8F8040098F88F
:106FD000001002680025576801240DF10E030222FB
:106FE0008DF80E500094B847013010D0D8F8040046
:106FF0009DF80E10036841F0400298F800101F68D9
:107000008DF80F200DF10F0302220094B847D8F835
:10701000040098F8001002680DF10A035768002276
:107020008DF80A500094B847013012D09DF80A003C
:1070300005280ED1D8F804008022036898F80010C3
:107040001F688DF80B2001260DF10B030922009615
:10705000B84704B0BDE8F08706F0D4BF48F201019C
:10706000411A0020022988BF4FF0FF30704700000E
:10707000FEE748F20101411A0020032938BF012030
:10708000704710B510B3044600783A281ED14FF669
:107090002801C0F600012046F9F796FAC8B14FF66C
:1070A0002F01C0F600012046F9F78EFAA0B14FF685
:1070B0002001C0F600012046F9F786FA01464FF09C
:1070C000FF30002908BF48F2030010BD4FF0FF3029
:1070D00010BD48F2010010BD48F2020010BD0000D2
:1070E00070B582B0144648F2030290420D460ED0AD
:1070F00048F20201884217D1A4B16E4615F8010B7F
:1071000000903046FDF7BEF8013CF7D10AE04CB1E3
:1071100001AE00BF15F8010B01903046FDF7B2F843
:10712000013CF7D1002001E04FF0FF3002B070BD0C
:107130007047000086B0002446F2666849F69A1946
:10714000002640F6787B4FF07F57C4F27C24C4F2CF
:107150002608C4F219094FF0000A00BF4CF24000A3
:10716000C2F20100482101F00DFA05464BF68800F5
:10717000C2F2000040F82A5028462021F9F735FDD8
:107180000AF1010A4EF66020BAF1040F28612F645B
:10719000C5E90864C5E90A89C5E90C66AE63C5F8A6
:1071A0003CB0DBD14BF68807C2F2000738684AF2E0
:1071B000854141F2A034C0F60001C2F200044164EE
:1071C00020680026466201686FF0010541F0010168
:1071D0000160416C41F40041416441F61430C2F257
:1071E000000001684E620D61CA6842F00102CA6087
:1071F0000A6842F001020A60FBF7CAF878684AF2AE
:10720000CF412268C0F6000141645662106840F028
:1072100001001060506C40F40040506441F698004A
:10722000C2F2000001684E620D61CA6842F00102BC
:10723000CA600A6842F001020A60FBF7A9F841F649
:10724000BC42C2F20002B8684AF219511268C0F694
:10725000000141645662106841F6402440F001008C
:107260001060506CC2F2000440F40040506420688A
:1072700046620561C16841F00101C160016841F0E9
:10728000010101602046FBF783F841F27441F86880
:10729000C2F200014AF26F520968C0F6000242646D
:1072A00041F248504E62C2F20000006846620A682D
:1072B00042F001020A60026842F0010202604A6C78
:1072C00042F400424A64416C41F40041416441F699
:1072D0006C10C2F20000006846620561C16841F0AE
:1072E0000101C160016841F0010101602046FBF726
:1072F0004FF841F6E830C2F2000000684CF2400856
:1073000046620561C1684CF2941741F00101C16009
:107310000168C2F2010841F00101C2F2010740F226
:10732000DC5401604046282101F02CF92821054653
:1073300047F82600F9F759FC0136042EEC602C6161
:10734000F0D14CF651508ECFC0F6000048624CF69A
:107350006950C0F6000050624CF68150C0F6000043
:1073600058624CF69950C0F60000786241F2F06025
:10737000C2F20000006800266FF001086FF00209F9
:107380004662C0F81080C0F81090C1684CF26424C6
:1073900041F00101C160C168C2F2000441F0020184
:1073A000C160016841F00101016020461121666160
:1073B000F9F71BFC4FF0010A052084F82CA0A66207
:1073C000C4E9066620634CF2DC104DF26511C2F28E
:1073D0000100C0F60001006861630021266284F8A4
:1073E000246003F09AFB41F21800C4F202004FF44B
:1073F000807101608021016041F69070C2F200004E
:1074000000686FF0800101606FF0400101606FF073
:1074100020010160C16841F02001C1604FF2E870B5
:10742000C0F6000090E88E00D0E904408DE88E00A0
:10743000CDE904406A4605200C2103F01BFA4CF20A
:107440001C114CF24007C2F20101C2F201070860B0
:107450003846242101F096F842F26401C2F200019C
:10746000086048F2A14147F639524CF67D334FF09F
:10747000030BC0F60001C0F60002C0F60003C0E92D
:1074800000ABC0E9062301621820C4F202004FF0ED
:10749000807101604FF2D070C0F6000090E83E00AD
:1074A00040698DE83E0005906A460520102103F0F2
:1074B000E1F94CF2D401C2F20101086038462821FA
:1074C00001F060F840F2C46147F649524CF68D3342
:1074D000C2F20001C0F60002C0F600030860C0E975
:1074E00000ABC0E9072341F21C62C2F2000247F67A
:1074F00011411268C0F6000141625662C2F8108064
:10750000C2F81090D0684CF2CC0740F00100D06077
:10751000D06847F6912B47F6D92A40F00200C2F214
:1075200001074FF4C874C0F6000BC0F6000A4FF410
:10753000967840F2DC59D0604CF24000C2F2010073
:107540002C2101F01FF8054647F8260004301421CD
:10755000F9F74BFB4FF4FA60E8614FF4FA70AC6155
:10756000C5E9080B57F82600711C0160C0F828A077
:1075700057F82600002E4FF00106C0E90689046284
:10758000DAD047F69320D7E90012C0F6000048622F
:107590005062EFF3058048B94CF22010C2F20100AE
:1075A000006818B104211E2208F0C0F8EFF305802E
:1075B00048B94CF2D800C2F20100006818B10421A9
:1075C0001E2208F0B3F8EFF3058048B940F294604A
:1075D000C2F20000006818B104211E2208F0A6F8CB
:1075E000EFF3058048B940F25460C2F20000006831
:1075F00018B10421322208F099F84BF60410C2F2B7
:1076000000004AF65971C0F600014AF633624AF6A4
:107610008D734BF2D1374BF26D0600F5887CC0F6C6
:107620000002C0F60003C0F60007C0F600068CE8B2
:10763000CE004BF2190143F20004C0F60001C4F27F
:1076400000044AF6AA25C0F8341100BF0A202560BC
:1076500003F0A4F8FAE7000070B52DED028B86B0B8
:1076600040F25060C2F2000001884CF2C406C2F23F
:107670000106B1B340F6FF72914232D000EE101A0B
:107680009FEDAB1AB8EE400A81EE000A40889FEDEC
:10769000AA2A01EE100AB8EE411A9FEDA93A20EE8F
:1076A000010AB2EE061A20EE010A9FEDA21AB4EE0C
:1076B000410AF1EE10FAC8BFB0EE420A96ED001A88
:1076C0009FED9E2A20EE033A21EE022A32EE032A93
:1076D000B5EE401AF1EE10FA08BFB0EE402A86ED82
:1076E000002A002040F6E4340290C2F20004E06B6D
:1076F000012800F0A18001202168E0638868C007AC
:1077000018D188684DF6836240F00100886040F22D
:107710000400C2F200000068C4F21B32A0FB0202A7
:10772000900C00EB400000BF0290029810B102984C
:107730000138F9E78868C00503D5886820F48070AF
:1077400088608A68206CD20707D140F0100020645E
:10775000606C40F0010060646EE040F201729043A2
:1077600000F5807020644868400504D5206C012233
:1077700062F30D302064226C0020D2044FF000022E
:1077800044BF626C22F006026264E063A06B41F2C7
:107790009D2241F20933C0F60002C0F60003C0E9A1
:1077A000102341F2F922C0F6000202656FF02202B6
:1077B0000A604A6842F2000542F080624A608A68C4
:1077C000022342F480728A6040F250624C31C2F26D
:1077D0000002C4F20105F9F7E9FFD5F804132068A7
:1077E000C9060AD0A84227D1A86810F0405F23D16B
:1077F000A86840F08040A8601EE0A84214D042F281
:107800000021C4F2010188420AD042F20011C4F200
:107810000101884210D1D5F80413C9060CD103E048
:10782000D5F80413C90607D4816811F0405F03D16D
:10783000816841F0804181604CF2C000C2F20100D9
:1078400001684A1C142902603ADB96ED000A002107
:10785000B6EE008A0160042030EE080A8DF80400BC
:10786000BDEEC00A10EE100AADF8050001A9002017
:10787000032204F017FA96ED000A4CF2801030EE65
:10788000080A02ACBDEEC01ABDEEC00AC2F2010089
:10789000651C11EE102A80ED000A2AA12846F8F78F
:1078A00047FD2846F8F76EFE40F26461C2F200011F
:1078B00009688DF8080008462146002203F020F8E8
:1078C00096ED000A9FED211A40F25864B4EE410A89
:1078D0009FED1F1AC2F20004F1EE10FA4FF0000102
:1078E000B4EE410A2068C8BF411CF1EE10FA4FF017
:1078F0000005A8BF2946C929216014DB40F2C460F5
:10790000C2F2000040F26C710068ADF808104FF44C
:1079100048710391C82104910521026AADF8141041
:1079200002A99047256006B0BDEC028B70BD00BF78
:107930000040974400409C46000000003333733FF2
:10794000CDCC4C3D562564560000000000209945E2
:107950000000164670B54CF2C806C2F20106356842
:107960000C460F29284606D841F61060C2F20000E6
:10797000FBF770F9306880F0010030604CF2B0160F
:10798000C2F2010606EB001141F61060C2F20000DF
:107990001022FBF7F3F874B106EB05154CF27816DC
:1079A000C2F2010630682946002202F0A9FF013C1C
:1079B00005F10105F6D170BD40F26060C2F2000031
:1079C000006803F017B9000082B041F61064C2F2FB
:1079D0000004206C012810D001202064606C202855
:1079E00005D147F65510C0F60000606703E0E06C73
:1079F00040F02000E064002020644CF2C800C2F295
:107A0000010000684CF2B011C2F2010101EB00115B
:107A100020461022FBF7B2F8E84640F2606740F2D9
:107A2000646547F6B91908F10106C2F20007C2F20F
:107A30000005C0F6000900BF386830B1EFF30581DA
:107A400019B94FF0FF3107F02DF8EFF3058000284A
:107A5000F2D128680028EFD041464FF0FF3206F0FF
:107A6000DBFD0128E8D1606C202802D1C4F85490D5
:107A700004E0606CE06C40F02000E0649DF80020C1
:107A800020463146072A28BF0722FBF731FDD3E7FE
:107A9000704710B586B000680C468DF804008DF86C
:107AA000051001A90620022204F0FCF8202C11D1B7
:107AB00040F2C460C2F200004FF4FA610068ADF811
:107AC00008103221CDE903110121026AADF814102A
:107AD00002A9904706B010BD006802280AD001280C
:107AE0001CBF0020704741F21000C4F20200006881
:107AF000400804E041F21000C4F2020000680121D5
:107B000021EA00007047B0B504464069A16A1E3002
:107B1000606120468847A16888421CBFA060B0BD54
:107B2000E2686168824203D14A1E012A00D9B0BDD1
:107B30000229E0601ED0012929D00029F7D1A0B385
:107B4000626A2046012101259047D4E90501884257
:107B500027D2206928B301300228206104D1626A4B
:107B6000204640219047206903281AD1626A2046A6
:107B7000802115E020B36069216A884298BFB0BDBA
:107B8000626A20460421904700206061B0BD10B3B6
:107B90006069E1698842CAD9626A204602210225E9
:107BA0009047002060616560B0BDD4E9050188425E
:107BB000BDD920690028BAD00020C4E90400B0BDB6
:107BC000626A204608219047A06900210130C4E97B
:107BD00004106160B0BD626A204610219047626A5D
:107BE0002046202190472069002808BF01202061FD
:107BF00000206060B0BD10B54CF2CC04C2F20104AC
:107C00002068FFF780FF6068BDE81040FFF77BBF8A
:107C1000092919D841F21C60C2F20000006841F243
:107C20001112016A114208D1016A40F24442114224
:107C300003D1016821F0010101601820C4F20200A3
:107C40004FF080710160704744F62060814238BF78
:107C5000084648F2A061C0F20101B1FBF0F04AF61B
:107C6000AB2241F21C6C81B2CAF6AA22C2F2000C0D
:107C7000A1FB0212DCF80030002101385962D86201
:107C8000CCF80C0050085863186840F001001860E8
:107C9000704770B5C26900F10C050E4629460446CE
:107CA000904730B16068022826D0012818D010B162
:107CB00070BD00206060206958B1298849B1626AAE
:107CC00020469047606940B100200121C4E90110BD
:107CD00070BD626A2046002190470320606070BD3D
:107CE000A068216930448842A060E1D3626A2046DE
:107CF000002190470220F1E7A068D4E90412304443
:107D000011448842A060D3D3401A218B626A0129B2
:107D1000A060DFD0A18920469047208B002818BFA3
:107D2000013820830120D9E740F2C460C2F200008C
:107D300000681E21FFF7ADBF4CF21C10C2F201001B
:107D40000068002202F055BD4CF2D400C2F20100DE
:107D50000068002202F04DBD012002F01FFDFBE78C
:107D6000B0B5DDF810E084464FF6FF700324ACF8A0
:107D700000000EF103008CF804408CF805200CF193
:107D8000060274468CF802108CF8030013F8015BAD
:107D9000013C02F8015BF9D10EF10602D4B2032CCA
:107DA00002D308D1C94300E0FF210EF10700C0B2A1
:107DB0000CF80210B0BD0CF10403043C89B2002C95
:107DC00051FA80F1EED013F8010B013CF6E7000008
:107DD0002DE9F04F81B042F2250A0092C2F2000A6A
:107DE000012241F690798AF80020C2F20009D9E90F
:107DF00000621D46F3680F4623F08001F160F168D0
:107E0000044621F04000F060F1680B9821F0200159
:107E1000F16040B1824206D0C9F804004846FBF741
:107E2000CEF8D9F8006041F2180BC4F2020B4FF4FF
:107E30008070CBF800004FF40000CBF8000042F255
:107E40001400DDF82880C2F2000021463A46F9F716
:107E50003FF942F22400C2F2000007704CF21A10FF
:107E6000C2F20100002101704CF21810C2F20100B0
:107E7000057042F21100C2F2000001704CF21910BC
:107E8000C2F201000170B5FA85F04CF21B1242F209
:107E900010044009C2F20102C2F200041070217005
:107EA000306870686FF0400030606FF080003060C4
:107EB0006FF020003060F06840F02000F060F06863
:107EC00040F04000F060F06840F08000F06041F267
:107ED000F060C2F20100016822781AB90268521AF1
:107EE0004245F9D9F068002720F08000F060F06882
:107EF00020F04000F060F06820F02000F0608AF888
:107F00000070D9F80400B0F5E13F08D04FF4E1303B
:107F1000C9F804004846FBF752F8D9F800604FF45E
:107F20008070CBF800008020CBF800006FF02000BC
:107F300030606FF0800030606FF040003060F068BB
:107F400040F02000F0602078002808BF4FF0FF3795
:107F5000FDB1F0B1009C4CF20811C2F201012046C3
:107F60002A46F9F7B5F8681EC1B203290BD30239C6
:107F7000A21C002312F8017B01391F44BBB2F9D1C6
:107F8000F943C9B200E0FF21205C471A18BF6FF027
:107F90000107384601B0BDE8F08F00008AB0FEF757
:107FA000C3FF322002F0FAFBFEF7BEFF322002F0E0
:107FB000F5FB4CF22808C2F201080026D8F80400AC
:107FC0008DF80860026898F800105768012502AB28
:107FD00008220095B8479DF80810B0F1FF3018BF8F
:107FE000012011EA000488F8144020D0D8F80400D9
:107FF00088F814608DF80860026898F800105768D7
:1080000002AB08220095B847013010D09DF8080057
:10801000012600F0FE01D8F804008DF8081002686F
:1080200098F80010176802AB08220096B8470320A2
:108030008F211022FEF745FF002874D14FF06450C5
:10804000C8F80C000320F0210622FEF73AFF0028B2
:1080500069D10021D8F804008DF80810026898F85A
:1080600000105768012502AB06220095B847013081
:108070000FD09DF8080002AB40F00101D8F80400D1
:108080008DF80810026898F800101768062200950D
:10809000B8470620F92100220025FEF712FF00282C
:1080A00041D1D8F804008DF80850026898F8001003
:1080B0005768012502AB03220095B84701300FD065
:1080C0009DF8080002AB40F08001D8F804008DF85C
:1080D0000810026898F80010176803220095B84746
:1080E0000CB301240021D8F8040088F814408DF85E
:1080F0000810026898F80010576802AB0822009434
:10810000B84701300FD09DF8080002AB40F00101E4
:10811000D8F804008DF80810026898F80010176865
:1081200008220094B8470026D8F804008DF80860AB
:10813000026898F800105768012502AB08220095E4
:10814000B8479DF80810B0F1FF3001F0020118BFE8
:10815000012000EA510488F8154004B3D8F804005F
:1081600088F815608DF80860026898F80010576864
:1081700002AB08220095B847013010D09DF80800E6
:10818000012600F0FD01D8F804008DF808100268FF
:1081900098F80010176802AB08220096B847042030
:1081A0008F212022FEF78DFE002874D14FF06C50F5
:1081B000C8F810000420F0210622FEF782FE0028F5
:1081C00069D10021D8F804008DF80810026898F8E9
:1081D00000105768012502AB06220095B847013010
:1081E0000FD09DF8080002AB40F01001D8F8040051
:1081F0008DF80810026898F800101768062200959C
:10820000B84706209F216022FEF75BFE002842D17E
:108210000021D8F804008DF80810026898F80010C2
:108220005768012502AB04220095B84701300FD0F2
:108230009DF8080002AB40F08001D8F804008DF8EA
:108240000810026898F80010176804220095B847D3
:108250000CB301240021D8F8040088F815408DF8EB
:108260000810026898F80010576802AB08220094C2
:10827000B84701300FD09DF8080002AB40F0020172
:10828000D8F804008DF80810026898F800101768F4
:1082900008220094B84701240025D8F8040088F883
:1082A00015408DF80850026898F80010576802AB26
:1082B00008220094B84701300FD09DF8080002ABA7
:1082C00040F00201D8F804008DF80810026898F810
:1082D0000010176808220094B847D8F8040088F8FE
:1082E00014408DF80850026898F80010576802ABE7
:1082F00008220094B847013010D09DF808000126EC
:1083000040F00101D8F804008DF80810026898F8D0
:108310000010176802AB08220096B8470025D8F86D
:1083200004008DF80850026898F80010576801247E
:1083300002AB02220094B84701300FD09DF808002C
:1083400002AB40F01001D8F804008DF80810026864
:1083500098F80010176802220094B847D8F8040073
:108360008DF80850026898F80010576802AB082290
:108370000094B847013010D09DF80800012600F0A5
:10838000DF01D8F804008DF80810026898F8001092
:10839000176802AB08220096B8474CF27C194BF6DE
:1083A000001BC2F20109C2F2000B0027062508AC2F
:1083B0000DF1080AD9F8000030B1EFF3058119B9C1
:1083C0004FF0FF3106F06EFBDBF8000002F0FAFA26
:1083D000D8F80400ADF824700897026898F80010E7
:1083E0005668352223460095B04701301FD0BDF9AD
:1083F0002000BDF9221000EE100ABDF92420B8EECD
:10840000C00A98ED031A21EE000A8DED020A00EE73
:10841000101AB8EEC00A21EE000A8DED030A00EE34
:10842000102AB8EEC00A21EE000A8DED040AD8F831
:108430000400ADF824700897026898F80010566898
:108440003B2223460095B04701301FD0BDF92000E4
:10845000BDF9221000EE100ABDF92420B8EEC00AC2
:1084600098ED041A21EE000A8DED050A00EE101AAF
:10847000B8EEC00A21EE000A8DED060A00EE102AC1
:10848000B8EEC00A21EE000A8DED070ADBF8000005
:1084900002F011FB07205146182203F003FC89E784
:1084A000012941F218014FF48060C4F2020108BFB3
:1084B0004FF0806008607047B0B582690D4600F1EA
:1084C0000C010446904730B1606802281ED0012894
:1084D00010D010B122E000206060E068226A20B372
:1084E0002046012101259047206908B30020C4E9F6
:1084F0000150B0BDD4E9020128448842A0600DD3E8
:10850000226A204600219047022012E004F108026E
:1085100007CA114428448842A06000D2B0BD401A66
:10852000A18A226A0129A06005D120460021904736
:1085300003206060B0BD2046012101259047A08A3C
:10854000002818BF0138A0826560B0BD42F2640007
:10855000C2F2000000681E21FFF7AEBF80B588B0F0
:1085600005200090EFF3058048B942F26800C2F29E
:108570000000006818B169460A2205F07BFE08B0C9
:1085800080BD00002DE9F04142F27008C2F20008FF
:108590000C46D8F814100546084602F013FA14F1F8
:1085A0000F004FF000044CD420F00701082948D0F8
:1085B000D8F80800002844D0D8F8007075B36A686D
:1085C00022F00702102A3BD32B6813F00705C5F1F0
:1085D000080618BF921B102A32D3002D18BF33444F
:1085E00077B387424FF000042BD03D684DB303EBC7
:1085F000020C42F27002C2F200020024BB422E467C
:1086000004D8BC451CD97D688D4221D2864218D041
:1086100035683A46002D3746F0D112E042F270023A
:10862000C2F20002002400BF57B17D688D420FD214
:10863000874206D03B683A46002B1F46F4D100E043
:108640000024D8F8140002F036FA2046BDE8F08184
:108650003C4654F8080BD8F80C30106025F0004068
:108660005A1B431A082BC8F80C2008D3781843600B
:10867000796041681144C8F80C1004F053FA786826
:108680004BF6EF61B5F1FF3FCDF6AD61DCBF40F0D9
:108690000040C7E9001040F00040C7E90010D0E7F3
:1086A00082B0C8B101684BF6EF62CDF6AD6291427F
:1086B00012D1816944F21012C2F2521291420BD1CE
:1086C000416849B1816839B1D0E903020192009053
:1086D0000198009A904202D1002002B070470198A0
:1086E000009A904203D901980099401AF5E7009842
:1086F000019A081A1044F0E7F0B581B000283ED086
:10870000054600684BF6EF61CDF6AD61884236D183
:10871000A86944F21011C2F2521188422FD1686840
:1087200068B3A86858B3E86800902846FFF7B8FF18
:1087300028B30446009800900099A868814202D3AB
:108740000099091A00910099192C28BF1924411A7F
:108750002646A1423CBF0099461A686800994CF22F
:108760004427C2F20007014438463246F8F7B0FC0D
:10877000A21B05D06968B819F8F7AAFC00E000242C
:10878000204601B0F0BDB0B582B058B304460D46E6
:1087900000684BF6EF61CDF6AD61884222D1A06949
:1087A00044F21011C2F2521188421BD16068C8B164
:1087B000A068B8B12046FFF773FF0246A84288BF01
:1087C0002A46D4E90201114401910199814202D360
:1087D0000199081A019001986369E06013B120467D
:1087E0000021984702B0B0BD2DE9F04184B00028C7
:1087F0005ED005460E4600684BF6EF61CDF6AD61E2
:10880000884255D1A86944F21011C2F2521188422F
:108810004ED1686800284BD01446002A48D0002E5C
:1088200046D0A968002943D0D5E9033203920293C8
:10883000039A029B9A420A460BD0029A039B9A42E1
:1088400003D9029A039BD21A03E0039A029B8A1A65
:108850001A44013AA24238BF14464CB32A6927464B
:108860000192019A8A1AA2423CBF019A8F1A019979
:108870003A4608443146F8F72BFC0198B4EB070858
:108880003844019006D06868F1194246F8F720FC98
:10889000CDF804800198A968884224BF0020019087
:1088A00001986B6928611BB128460121224698472F
:1088B00004B0BDE8F081000094B040F2A810C2F20C
:1088C0000000002403214FF6EA428462C466C0F629
:1088D000000240F250238462C0E9041100F1180143
:1088E000C2F200034FF480678CC14CF28001C2F2E7
:1088F00001014462C462C0E9182145F252411023CB
:10890000C0F254018366C466C0E91C44C0F8071075
:1089100044F25351C4F24771016044F2475142F2AC
:108920007008C0F25201C2F20008C0F80310D8F873
:1089300008102022827159B94CF24009C2F2010993
:10894000D9E90001002940F01A81002840F0178180
:1089500043F60008C4F20208D8F800044EF60056A8
:1089600040F40070C8F80004D8F80004CEF2000605
:1089700040F48060C8F80004D8F800044FF6FF0106
:1089800040F48070C8F80004F06847F2000708401F
:1089900040F20031C0F2FA510843F0600F20C4F2F7
:1089A00000070F25F9F72BF80694D8F844004FF08C
:1089B000FF3240F48040C8F84400D8F8440000F486
:1089C0008040069006980694D8F8400040F0805009
:1089D000C8F84000D8F8400000F080500690069893
:1089E000F068C0F3022080F00701042928BF0421A9
:1089F000033802FA01F138BF204625EA010101FAE5
:108A000000F0000186F822000694D8F8400040F0FB
:108A10008050C8F84000D8F8400000F08050069020
:108A200006980694386840F480403860386800F44E
:108A3000804006900698D8F8080000F00C00042842
:108A400056D1D8F80000D8F8080000F00C0008282B
:108A50006DD1D8F8040047F6FF71C0F643710840A5
:108A600042F60821C0F24071884240F08680D8F872
:108A7000000400F00700042809D8052088F8000445
:108A8000D8F8000400F00700052840F0D082D8F89C
:108A9000080040F4E050C8F80800D8F8080040F496
:108AA0006040C8F80800D8F8080020F0F000C8F8C6
:108AB0000800D8F80000800140F1B982D8F8080019
:108AC000022161F3010041F2F063C8F80800C2F22C
:108AD0000103186841F28831D8F8082002F00C022E
:108AE000082A00F0AF801A68121A8A42F4D99EE26E
:108AF000D8F8080000F00C00082803D1D8F80400CA
:108B000040029ED4D8F8000040F48030C8F800003D
:108B100041F2F060C2F20100016800BFD8F8002005
:108B2000920390D40268521A642AF7D925E04C21A6
:108B3000C4F247210020486141F2F060C2F2010016
:108B4000026800BFD8F800309B0104D503689B1A67
:108B5000022BF7D911E042F60822C0F24072C8F8A1
:108B6000042001224A610168D8F8002092013FF5F3
:108B70007EAF0268521A022AF6D972B6FEE70022C8
:108B8000002300252B4483423FF6E2AE054609EB65
:108B9000C2000B46D0E90201571C00293A46F1D128
:108BA00000283A46EED1002F3FF4D2AED8F8140098
:108BB00000287FF4CDAE4FF60000C0F6000090E82C
:108BC0000E00C0680DF1180C8CE80E00099006A884
:108BD00001F02EFF0028C8F814003FF4B9AE4FF0A2
:108BE000000C002109EBC100406820F00703102BA6
:108BF00024D359F8312012F00705C5F1080018BF39
:108C00001B1A102B1AD3002DD8F8085018BF024495
:108C10000DB9C8E9002CD61846F808CDA3F1080014
:108C2000C8F80860C6F804C01660506005B12A6034
:108C3000D8E9032310445A1CC8E9030201318F42CA
:108C4000D0D185E6D8F8000400F00600062809D146
:108C5000052088F80004D8F8000400F00700052873
:108C600040F0E581D8F80800052161F38C20C8F8B0
:108C70000800D8F80800042161F34F30C8F8080054
:108C8000D8F8080000F00C00082842F20040C0F2BA
:108C9000F40017D1D8F80410D8F80420D8F804301C
:108CA00001F03F02C3F38811A1FB00010023F8F794
:108CB00075FAD8F804100222C1F3014102EB410118
:108CC000B0FBF1F0D8F808100FF6B452C1F303115D
:108CD000515C40F2040220FA01F14CF27000C2F241
:108CE0000100006840F6004540F21809C2F2000297
:108CF000C4F20205C4F202091160F8F780FE4C20AC
:108D0000C4F2472001214FF0000B0160CDF818B0EC
:108D1000D8F8400005F5806440F40010C8F8400021
:108D2000D8F8400006AF00F4001006900698CDF881
:108D300018B0D8F84000394640F48010C8F8400018
:108D4000D8F84000032600F4801006900698CDF86D
:108D500018B0D8F8300040F40010C8F83000D8F847
:108D6000300000F4001006900698CDE909BBCDF85C
:108D70003CB0D8F8300040F01000C8F83000D8F807
:108D8000300000F010000F900F98CDF83CB0D8F8EC
:108D9000300040F00400C8F83000D8F8300000F08F
:108DA00004000F900F98CDF83CB0D8F8300040F098
:108DB0008000C8F83000D8F8300000F080000F9034
:108DC0000F98CDF83CB0D8F8300040F00100C8F85A
:108DD0003000D8F8300000F001000F900F98CDF867
:108DE0003CB0D8F8300040F00200C8F83000D8F8A5
:108DF000300000F002000F900F98CDF83CB0D8F88A
:108E0000300040F00800C8F83000D8F8300000F01A
:108E100008000F900F984FF4C070C5F818044FF079
:108E20008060C5F818044FF04060C9F800044FF4A2
:108E3000B040A8614FF00050A8614FF48070C9F8AD
:108E400000084FF00070C9F800084FF0C850C9F88A
:108E5000000049F21C000690032007902046CDF840
:108E600020B0F8F7EFFC4EF6374006A909F5FD6A89
:108E700081E8410850463946F8F7E4FCFC2006A991
:108E800081E8410844F20000C4F2010000F54040CE
:108E900039460590F8F7D6FC062006A909F57A7937
:108EA00081E8410848463946F8F7CCFC4FF4C070D9
:108EB00006900120CDE9070B204639460996049417
:108EC000F8F7C0FC4FF4806006900120CDE9070B55
:108ED0000990204639460126F8F7B4FC4FF440606B
:108EE00006A981E8410848463946CDF824B0F8F78C
:108EF000A9FC4FF4805006904FF488100790022090
:108F0000089048463946CDF80C90F8F79BFC40F69F
:108F1000004448F29340C4F2020406900325204620
:108F20003946CDE9075BF8F78DFC4FF4F04006A910
:108F300081E84108204639460995F8F783FC4FF44B
:108F4000807506A880E8600850463946CDF824B000
:108F5000F8F778FC4FF4007006A981E841084FF05B
:108F6000020950463946CDF82490F8F76BFC06A864
:108F700080E86002059D394628464FF00209CDF889
:108F800024B0F8F75FFC4FF4C05006A981E841080F
:108F900028463946CDF82490F8F754FC0820CDE94E
:108FA000060B20463946CDF820B0F8F74BFC0320DD
:108FB000CDE9060B04983946CDF820B0F8F742FC0D
:108FC000CDF818B0D8F8300047F2000940F400108E
:108FD000C8F83000D8F83000C4F2000900F40010DE
:108FE00006900698CDF818B0D8F8300009F5204161
:108FF00040F48000C8F83000D8F830000C2300F4AA
:1090000080000690069841F69050C2F200004FF49E
:10901000E13280E80608C0E903BBC0E9053BC0F8BF
:109020001CB0F9F7CCFF20B172B600BFFEE772B6F4
:10903000FEE743F20000C4F2000041F21C3600F5E6
:109040000060C2F200064FF400724FF4827186E8AD
:109050000308C6E903BBC6F814B0C6E9062B0A220A
:10906000C6E908BBC6E90AB2726D62B100220024EB
:1090700004924FF0000C002500224FF4007E0023E4
:109080000594002441E041F66D41C0F60001002046
:109090003166F16F306541F6714041F6754241F637
:1090A000734341F66F4741F6774541F6853441F603
:1090B000833CC0F60000C0F60002C0F60003C0F614
:1090C0000007C0F60005C0F60004C0F6000CF0650D
:1090D0007266B366F76635677467C6F878C021B9FB
:1090E00041F68931C0F60001F16730468847D6E97C
:1090F00008B0B46A06F10C0E059096E80B009EE8E5
:109100002450F76904F4005404974FF0020AC6F89B
:1091100054A001F4827103F404430768194402F473
:109120000062114405F0020227F0400711440CF0E0
:109130000102076011440EF400721144049A02F017
:10914000380211440BF08002114321430160059A5B
:10915000042101EA1E4102F0100211444160C1697C
:10916000002421F40061C1610120B465706506A886
:109170001C21CDE91144CDE90F44F7F736FD41F24A
:10918000A03009F51041C2F2000040F2E733802719
:1091900040F2473280E81600C0E90334C0E90547D1
:1091A000F8F7C3FD08B172B6FEE74FF480500F9098
:1091B00041F2A030C2F200000FA9F8F7C4FE10B1CE
:1091C00072B600BFFEE741F2A030C2F20000F9F72C
:1091D00079FB10B172B600BFFEE741F2A030C2F2D7
:1091E0000000002100220024F8F749FD08B172B602
:1091F000FEE76020CDE906040420CDE90844CDE96E
:109200000A0441F2A030C2F2000006A900220C9428
:10921000F9F77AFA08B172B6FEE741F2A030C2F26D
:10922000000006A90422F9F76FFA10B172B600BF68
:10923000FEE741F2A030C2F2000006A90822F9F7C9
:1092400063FA08B172B6FEE741F2A034C2F200043C
:1092500006A920460C22F9F757FA08B172B6FEE7C4
:10926000E06B012801D172B6FEE720684FF400518F
:10927000416400252046E563F9F74BF941F6980073
:10928000C2F200004FF080414EF66022C0E90015A6
:109290008021C0E9025281610321CDE90615012137
:1092A000CDE90815CDE90A55CDE90C1506A90561EA
:1092B0000E95F8F711FF08B172B6FEE741F6980077
:1092C000C2F20000002100220024F8F7D8FC08B107
:1092D00072B6FEE740F20046C4F2000641F61430D2
:1092E00006F50061C2F200004EF66022C0E90014EB
:1092F0008021C0E9024281610321CDE906140121E8
:10930000CDE90814CDE90A44CDE90C1406A904619D
:109310000E94F8F7E1FE08B172B6FEE741F614309C
:10932000C2F20000002100220024F8F7A8FC08B1D6
:1093300072B6FEE706A81C21CDE91144CDE90F4421
:10934000F7F753FC41F6BC4044F20003C2F20000C0
:1093500040F24731C4F2010340F2E732C0E9003184
:109360008021C0E9024204618161F8F7DEFC08B1A6
:1093700072B6FEE74FF480500F9041F6BC40C2F247
:1093800000000FA9F8F7DFFD08B172B6FEE741F65D
:10939000BC40C2F20000F9F795FA08B172B6FEE7D8
:1093A000602006900020CDE9070004200A9041F6D5
:1093B000BC40C2F2000006A90022F9F7A5F908B1E5
:1093C00072B6FEE741F6BC40C2F2000006A90422D4
:1093D000F9F79AF908B172B6FEE741F6BC40C2F25D
:1093E0000000F9F796F806A81C21F7F7FEFB44F2F7
:1093F0000000C4F2010000F5806141F27440C2F245
:10940000000040F24732002340F2E73780E88E0048
:10941000802103618161F8F788FC08B172B6FEE72C
:1094200041F27440C2F20000F9F74CFA08B172B68A
:10943000FEE76020069000240420CDE907440A904E
:1094400041F27440C2F2000006A90022F9F75CF96B
:1094500008B172B6FEE741F27440C2F20000F9F7BB
:1094600058F806A81C21F7F7C0FB44F20000C4F22C
:10947000010000F5006141F24850C2F2000040F2E4
:10948000473240F2E73380E816008021C0E9033418
:109490008161F8F74AFC08B172B6FEE741F2485024
:1094A000C2F20000F9F70EFA08B172B6FEE76020CA
:1094B000069041F2485000240425C2F2000006A99B
:1094C0000022CDE907440A95F9F71EF908B172B6F2
:1094D000FEE741F24850C2F20000F9F71AF843F2F1
:1094E0000000C4F2000000F5005141F61070C2F215
:1094F000000048F2A062C0F201024FF480534FF422
:1095000000574FF4806C80E88E10C0E90554C461A8
:10951000F9F755FD08B172B6FEE743F20000C4F258
:10952000000000F5A05141F61060C2F200000024D6
:109530000C254FF4165280E81600C0E90344C0E938
:109540000554C461F9F73BFD08B172B6FEE743F27A
:109550000000C4F2000000F5C05141F69060C2F274
:10956000000044F24022C0F20F0280E81600C0E979
:109570000344C0E90554C461F9F721FD08B172B68E
:10958000FEE747F20000C4F2000000F5244141F676
:109590009070C2F2000000240C234FF4E13280E806
:1095A0001600C0E90344C0E90534C461F9F707FDBA
:1095B00008B172B6FEE741F6E83006F58051C2F216
:1095C0000000532242F20F7380E816008021C3602E
:1095D0008161F8F7AAFB08B172B6FEE741F6E83000
:1095E000C2F20000002100220024F8F748FB08B175
:1095F00072B6FEE741F66C10C2F200004EF6602132
:10960000C0E90064C0E90241802181610321CDE904
:1096100006140121CDE90814CDE90A44CDE90C1462
:1096200006A904610E94F8F757FD08B172B6FEE77B
:1096300041F66C10C2F20000002100220024F8F76D
:109640001EFB08B172B6FEE741F6402006F58061C8
:10965000C2F200004EF66022C0E900148021C0E989
:10966000024281610321CDE906140121CDE90814EC
:10967000CDE90A44CDE90C1406A904610E94F8F76B
:109680002BFD08B172B6FEE741F64020C2F20000A1
:10969000002100220024F8F7F2FA08B172B6FEE7C2
:1096A00006A81C21F7F7A1FA41F2F06006F5C051B7
:1096B000C2F20000532241F2873380E81600802175
:1096C000C0E903348161F8F730FB08B172B6FEE7F8
:1096D00041F2F064C2F200042046F8F7A3FF08B19B
:1096E00072B6FEE7E06B00270128CDE90677089700
:1096F0000A9701D172B6FEE72068012506A9E56345
:10970000FBF7A1FB2068E763816941F008018161F3
:1097100040F60040C4F2020000F5105140F62C4023
:10972000C2F200000160816871B9002141600691B8
:10973000D8F8301041F48051C8F83010D8F8301003
:1097400001F48051069106998560002406A81C2129
:10975000CDE91144CDE90F44F7F747FA41F21C6017
:1097600006F5A051C2F2000040F24732632380E8C0
:1097700016008021C0E903348161F8F7D6FA08B1F8
:1097800072B6FEE74FF480500F9041F21C60C2F2B7
:1097900000000FA9F8F7D7FB08B172B6FEE741F257
:1097A0001C64C2F200042046F8F73CFF08B172B610
:1097B000FEE732200790E06B00270225012806977C
:1097C00008950A9701D172B6FEE7206840F20109B8
:1097D0004FF0010B06A9C0F60079C4F83CB0FBF7C6
:1097E00032FB47F20000C4F2000040F6E43600F518
:1097F0003040C2F20006E763CDE91177CDE90F777B
:109800004FF44031C6E90A97376386E88300C6E91A
:10981000037BC6E90577C6E90757306C00284AD1B3
:1098200006AC20461421F7F7E0F900271397D8F883
:109830004400214640F48070C8F84400D8F8440041
:1098400000F48070139013981397D8F8300040F00C
:109850000200C8F83000D8F8300000F00200139081
:1098600013980320CDF818B0CDE907070398F7F750
:10987000E9FF40F6384446F21040C2F20004C4F258
:1098800002004FF48061C4E9000704F110004FF4B6
:1098900000624FF400534FF48075C4E90277AEC004
:1098A00020466762F7F7E0FE08B172B6FEE7E663AE
:1098B0007764C6E90E47306CC00635D4306C41F28F
:1098C00002118843023042F204313064C4F20101D3
:1098D000086820F4403008600A6896E889001A4356
:1098E00035690A60416821F480714160416841EA4C
:1098F00005214160416821F0407141604168394370
:109900004160816821F400618160F16882681143DF
:109910008160B16A8268494522F070628260826823
:1099200006D122F040510CE00020F06372B6FEE751
:1099300011438160816821F040518160F16A826841
:1099400011438160816821F0020181608168B26900
:10995000336A41EA42018160416883B141F40061A8
:10996000416041684EF2000221F460414160716A39
:10997000CFF6FF72436802EB4131194301E021F455
:1099800000614160C16A002721F47001C162F2697F
:109990007169336BCFF6F077C56A07EB02522A4341
:1099A000C262826822F400728260826842EA4322C4
:1099B0008260826822F480628260826842EA812149
:1099C000816000207064316C012262F30101316416
:1099D000F0631120CDE90F02072011900FA8F7F7CF
:1099E000CDFC08B172B6FEE708200F90022010905F
:1099F0000FA8F7F7C3FC08B172B6FEE74CF20010EF
:109A000043F20003C2F20100C4F20003036041F21A
:109A100018304CF20412C2F200000121C2F201021D
:109A2000017011704CF6CC41196045F25551196026
:109A30000078002818BF032058601078002818BF4D
:109A40001320986041F2F060C2F201000068D9680A
:109A500089071DD041F2F061C2F201010968091ABB
:109A6000322907D343F20001C4F20001C968890713
:109A700040F0528443F20001C4F20001C968E7E7F4
:109A800000000000000000000102030406070809AE
:109A900043F200014AF6AA20C4F200014EF6005635
:109AA0000860CEF20006F0684FF0000BC0F3022110
:109AB00081F00702042A4FF0040028BF0246CB1EA3
:109AC0004FF0FF3101FA02F54FF0050238BF5B4657
:109AD00022EA050505FA03F31D014EF20B434EF28F
:109AE000100ACEF20003CEF2000A1D704FF4006897
:109AF000CAF8F080F5684FF4805CC5F3022585F064
:109B00000704042C28BF0446033D01FA04F438BFBF
:109B10005D4622EA040404FA05F52D015D70CAF8D9
:109B2000F0C0F5684FF0800EC5F3022585F00704FC
:109B3000042C28BF0446033D01FA04F438BF5D46F7
:109B400022EA040404FA05F52D01DD704FF4804586
:109B5000CAF8F050F5684FF48079C5F3022585F016
:109B60000704042C28BF0446033D01FA04F438BF5F
:109B70005D4622EA040404FA05F52D011D714FF437
:109B80000045CAF8F050F568C5F3022585F00704D2
:109B9000042C28BF0446033D01FA04F438BF5D4697
:109BA00022EA040404FA05F52D015D714FF48035B5
:109BB000CAF8F050F568C5F3022585F00704042CB7
:109BC00028BF0446033D01FA04F438BF5D4622EA8B
:109BD000040404FA05F52D019D714FF40035CAF80F
:109BE000F050F568C5F3022585F00704042C28BF62
:109BF0000446033D01FA04F438BF5D4622EA04043A
:109C000004FA05F52D015D744FF08055CAF8F05047
:109C1000F568C5F3022585F00704042C28BF044627
:109C2000033D01FA04F438BF5D4622EA040404FA55
:109C300005F52D019D744FF00055CAF8F050F568F8
:109C4000C5F3022585F00704042C28BF0446033D14
:109C500001FA04F438BF5D4622EA040404FA05F56B
:109C60002D01DD744FF08045CAF8F050F568C5F35A
:109C7000022585F00704042C28BF0446033D01FAA1
:109C800004F438BF5D4622EA040404FA05F52D0108
:109C9000DD764025CAF8F450F568C5F3022585F055
:109CA0000704042C28BF0446033D01FA04F438BF1E
:109CB0005D4622EA040404FA05F52D011D77CAF871
:109CC000F4E0F568C5F3022585F00704042C28BFED
:109CD000044601FA04F4033D22EA040438BF5D4659
:109CE000AC4024015C77CAF8F490F468C4F3022411
:109CF00084F00705042D28BF0546033C01FA05F54D
:109D000038BF5C4622EA050505FA04F4240183F80D
:109D10002040CAF8F480F468C4F3022484F00705F4
:109D2000042D28BF0546033C01FA05F538BF5C4603
:109D300022EA050505FA04F4240183F82140CAF853
:109D4000F4C0F568C5F3022585F00704042C28BF8C
:109D50000446033D01FA04F438BF5D4622EA0404D8
:109D600004FA05F52D0183F827504FF48025CAF831
:109D7000F450F568C5F3022585F00704042C28BFCC
:109D80000446033D01FA04F438BF5D4622EA0404A8
:109D900004FA05F52D0183F82A504FF40015CAF88E
:109DA000F450F568C5F3022585F00704042C28BF9C
:109DB0000446033D01FA04F438BF5D4622EA040478
:109DC00004FA05F52D0183F82C504FF40005CAF86C
:109DD000F450F568C5F3022585F00704042C28BF6C
:109DE0000446033D01FA04F438BF5D4622EA040448
:109DF00004FA05F52D0183F83C50CAF8F8E0F5683F
:109E0000C5F3022585F00704042C38BF204601FA6B
:109E100000F0033D22EA000038BF5D46A840000183
:109E200083F842004FF40050CAF8F8000FF238608F
:109E3000F6F792FB4BF60414C2F2000420464FF4EE
:109E4000AA71F6F7D2FE4BF65C204CF24005C2F246
:109E50000000C2F20105C4E94F0928464FF4006131
:109E6000FEF790FBC4F8440128461C21FEF78AFB4C
:109E7000C4F84801A0B1D4F8441189B14BF6EF639E
:109E80000022CDF6AD6342610261C260C0E90031DB
:109E900044F210114FF40062C2F2521182608161EB
:109EA0004DF2E300C0F60000039DC4F84C0106AC7F
:109EB0004FF00109032628462146CDF828B0CDF8F9
:109EC0001880CDE9079B0996F7F7BCFC4FF4806733
:109ED00006A880E8800A284621460996F7F7B2FCD2
:109EE00018204CF27804C4F20200C2F20104C0F857
:109EF0000084C0F80074EFF30580216808434FF632
:109F0000AC20C0F6000008BFC4F8009000F090FD3F
:109F10004BF60011C2F2000108604FF61430C0F693
:109F2000000000F02DFE4CF28811C2F20101086021
:109F30004FF6E020C0F6000000F022FE4BF65C3148
:109F4000C2F2000108604FF69C20C0F6000000F04D
:109F500017FE4CF27C11C2F2010108604FF660302E
:109F6000C0F6000000F00CFE4CF21C21C2F2000111
:109F700008604FF6A430C0F6000000F001FE4CF27D
:109F8000E011C2F2010108604FF69000C0F6000037
:109F900000F0F6FD40F26061C2F2000108604FF689
:109FA0009430C0F6000000F0EBFD4CF2DC11C2F280
:109FB0000101086047F6F7304FF6B801C0F600001F
:109FC000C0F6000100F0D6FE40F29461C2F200013A
:109FD000086048F24D504FF64C21C0F60000C0F624
:109FE000000100F0C7FE4CF22011C2F2010108602E
:109FF00048F25D504FF67421C0F60000C0F6000133
:10A0000000F0B8FE42F26C01C2F20001086047F6AF
:10A0100029504FF6C801C0F60000C0F6000100F05C
:10A02000A9FE4CF2D801C2F20101086047F2596062
:10A030004FF65C01C0F60000C0F6000100F09AFE89
:10A0400040F25461C2F200014FF624320860C0F6BB
:10A0500000024020042100F00DFC4CF28C11C2F2F1
:10A0600001014FF65C220860C0F60002102020219A
:10A07000202500F0FFFB42F26801C2F200014FF61A
:10A0800084220860C0F600022020012100F0F2FBCB
:10A090004CF27811C2F201014FF6A0020860C0F63E
:10A0A00000020820082100F0E5FB40F26461C2F2E2
:10A0B0000001086044F255404FF6E012C0F600007F
:10A0C000C0F600020021002700F0EEFD4CF2DC019A
:10A0D000C2F20101086047F69D704FF62822C0F6D3
:10A0E0000000C0F60002002100F0DEFD42F228016F
:10A0F000C2F2000108604BF61D504FF63C32C0F62C
:10A100000000C0F60002002100F0CEFD4CF29011DC
:10A11000C2F2010108604BF2CD104FF6F022C0F6FA
:10A120000000C0F60002002100F0BEFD4BF66031D9
:10A13000C2F2000108604CF629604FF67032C0F69A
:10A140000000C0F60002002100F0AEFD4CF2D81174
:10A15000C2F20101086047F659504FF60422C0F6DA
:10A160000000C0F60002002100F09EFD40F2F06108
:10A17000C2F20001086047F235104FF63802C0F60F
:10A180000000C0F60002002100F08EFD4CF29001AC
:10A19000C2F20101086047F6C9104FF66C02C0F622
:10A1A0000000C0F60002002100F07EFD40F25C617C
:10A1B000C2F2000108604AF2ED504FF6BC22C0F630
:10A1C0000000C0F60002002100F06EFD4CF2841188
:10A1D000C2F201010860EFF30580A8B90695069860
:10A1E000202840F09B804CF22027C2F200074FF05D
:10A1F000FF313A46002042F80C1F3860BA60C7E9C8
:10A2000004227860012038774CF24020C2F200002E
:10A210000760EFF30580002840F0258120680128C1
:10A2200040F021814EF600510020CEF20001C877A7
:10A230000221216041F20071C2F2010141F60017D2
:10A24000CDE900014CF2F120C2F20107C0F6000096
:10A2500088A180220023029704F0C2FF4CF21C2147
:10A26000C2F201010028086000F0FD8001F022FF29
:10A2700047F66020C2F201000068002857D047F678
:10A280005C1041F65C11C2F20100C2F2010102222F
:10A29000CDE9002102904CF2D960C0F6000077A110
:10A2A0004FF4C0520023002404F09AFF4CF24C21DA
:10A2B000C2F201010028086039D04FF0500181F34B
:10A2C0001188BFF36F8FBFF34F8F4CF22421C2F27E
:10A2D00001014FF0FF320A6047F64421C2F201014A
:10A2E00001220A6047F65C21C2F201010C604EF6C1
:10A2F00000514CF27020CEF20001C4F20F10096838
:10A30000421C91421CD14FF0500080F31188BFF3E2
:10A310006F8FBFF34F8FFEE772B6FEE74FF050002E
:10A3200080F31188BFF36F8FBFF34F8FFEE74FF0BD
:10A33000500080F31188BFF36F8FBFF34F8FFEE79C
:10A340004EF60051CEF200010968814208D14FF06B
:10A35000500080F31188BFF36F8FBFF34F8FFEE77C
:10A360009AF8F0034CF2E9110690FF208AF8F00306
:10A370009AF8F003C2F201018DF83C009DF83C0010
:10A3800000F05000087041F2EC60C2F201000721B9
:10A3900001609DF93C10B1F1FF3F58DC6FF0060100
:10A3A0009DF83C20013152008DF83C209DF93C2065
:10A3B000002AF5D44A420331026048D14FF440717B
:10A3C000016006984EF600568AF8F003CEF20006B9
:10A3D000306A002440F470003062306A44F6D35191
:10A3E00040F07040306240F20400CAF80040CAF801
:10A3F0000840C2F200000068C1F26201A0FB010146
:10A400004FF0FF3000EB91104CF27405CAF80400D5
:10A410000720C2F20105CAF800002C6003F06CFDB1
:10A42000D6F8340240F04040C6F8340202F0ACF8EE
:10A4300003F0E8FD069428684FF0500181F311887D
:10A44000BFF36F8FBFF34F8F013009D0FEE74FF09E
:10A45000500080F31188BFF36F8FBFF34F8FFEE77B
:10A4600006980028FCD0FEE753746172742E2E2EDD
:10A470000D00000049444C4500000000546D72205E
:10A480005376630010B541F2A030C2F200000129FA
:10A4900003DB00680022C26305E00068B1F1FF3F02
:10A4A00010DD0021C163016441F2A034C2F2000456
:10A4B00020460821F8F77CFA20460C21BDE8104020
:10A4C000F8F776BA002249420264C163ECE710B59E
:10A4D00041F2A030C2F20000012903DB0068002233
:10A4E000426305E00068B1F1FF3F10DD00214163E8
:10A4F000816341F2A034C2F2000420460021F8F743
:10A5000057FA20460421BDE81040F8F751BA00225E
:10A51000494282634163ECE770B541F6BC45C2F243
:10A5200000050C46284600210026F8F7D0FA2846F8
:10A530000421F8F7CCFA012C03DB28688663446316
:10A5400007E02868B4F1FF3F4663CCBF00216142B9
:10A55000816341F6BC44C2F2000420460021F8F7B2
:10A5600027FA20460421BDE87040F8F721BAF0B57B
:10A5700081B041F27445C2F200050C462846002124
:10A580000027F8F7A4FA41F24856C2F20006304616
:10A590000021F8F79CFA012C02DB2868476305E0EC
:10A5A000B4F1FF3F19DD28680024446341F24850AC
:10A5B000C2F2000000680021446341F27440C2F21C
:10A5C0000000F8F7F5F941F24850C2F2000000210E
:10A5D00001B0BDE8F040F8F7EBB930680021416305
:10A5E00041F274406442C2F20000E3E74CF24000E2
:10A5F000C2F201009421FDF7C5FF4CF2A825C2F27A
:10A60000000500260446286006604FF47F40A4F849
:10A610002300FF2084F828004DF66D504DF6794157
:10A620004DF60D324DF66563C0F60000C0F6000130
:10A63000C0F60002C0F6000304F1080C84F826609E
:10A640008CE84F00204609210022002303F08EFBF6
:10A650000822228740F201124DF6F100A4F8922060
:10A660004FF67452C0F600004CF2AC21C0F6000266
:10A67000A665C2F2000184F86D6084F8916084F8E8
:10A680008D60C4E90B022046616303F0B0F900203D
:10A69000CFF6FF70216B20656065496820468847CA
:10A6A00028684DF2E371C0F600018768E1650A2170
:10A6B0000022002384F87060B84728680B2187685F
:10A6C00000220023B8472868016890F83820097CE8
:10A6D000406B5143C900F6F7B4F84DF6DB2840F261
:10A6E0000C0A4CF258094CF2801B4BF6E807C0F6F6
:10A6F0000008C2F2000AC2F20109C2F2010BC2F262
:10A70000000700BF2868016890F83820097C406B7A
:10A710005143C900F6F795F82868012180F86D10BB
:10A72000002180F870104FF68051C0F6000102F051
:10A73000F8FD2868002109225346C0F8048002F081
:10A740008FFE2868002114224B46C0F8048002F0D6
:10A7500087FEDBF800205AB138460DA1F5F7E8FD79
:10A76000286800211F223B46C0F8048002F078FED2
:10A770002C68204603F006F9A66820461021002226
:10A780000023B0474FF4FA7000F008F8BAE700BFB2
:10A790004241543A25646D760000000080B5EFF325
:10A7A000058101B180BDC0B141F2F861C2F2010181
:10A7B0000A6842B14FF0500080F31188BFF36F8FE9
:10A7C000BFF34F8FFEE70A6801320A60002101F0F3
:10A7D000EBFA04F0BBFE0028E4D14EF60450CEF2B2
:10A7E00000004FF080510160BFF34F8FBFF36F8FB8
:10A7F00080BD10B582B01446B0FA80F3B1FA81F290
:10A800005B095209EFF3058CBCF1000F42EA030229
:10A8100019D0002C18BF0124224315D10022019227
:10A8200001AA04F0E3F8012818D10198A0B14EF66E
:10A830000450CEF200004FF080510160BFF34F8F03
:10A84000BFF36F8F08E012B16FF003000FE02246F4
:10A8500003F0E2FE012804D1002008E06FF00200BE
:10A8600005E06FF00100002C08BF6FF0020002B09D
:10A8700010BD0000B0B582B01546EFF3058222B1DD
:10A880004FF0000C604602B0B0BDE5B1D5E9023230
:10A890008BB1502AF4D32A69002AF1D0D5F814C01C
:10A8A00001FB00F4A4454FF0000CEBD3CDF800C041
:10A8B00003F03AFC0AE0002AE2D12A69002ADFD13B
:10A8C0006A69002ADCD1002203F011FC84460028CA
:10A8D000D6D047F60422002D14BF2868002000219E
:10A8E000C2F2010252F831301BB101310829F9D10D
:10A8F000C8E702EBC10342F83100C3F804C0C1E766
:10A90000F0B581B00D4604461646B4FA84F1B5FAA6
:10A9100085F2EFF3058049095209002841EA020057
:10A9200031D0002E18BF012630432DD103F038FB63
:10A93000EFF311864FF0500080F31188BFF36F8F53
:10A94000BFF34F8FA06BE16B88422ED294F8457015
:10A95000A06B2046294601F049FCFF2F2AD1606AEE
:10A9600058B3206B04F074FD38B34EF60450CEF2A9
:10A9700000004FF0805186F311880160BFF34F8FC4
:10A98000BFF36F8F1BE010B16FF0030018E020469B
:10A990002946324603F06EFC012810D06FF001000A
:10A9A000002E08BF6FF002000AE086F311886FF0F6
:10A9B000020005E0781C84F8450086F31188002029
:10A9C00001B0F0BD10B5EFF3058111B16FF00500D6
:10A9D00010BD20F0010464B110F001000CD120463C
:10A9E0004FF0FF3104F05EF8013818BF6FF001003E
:10A9F00010BD6FF0030010BD4CF2A411C2F20101B2
:10AA0000A068096888420ED020464FF0FF3104F05C
:10AA100049F828B1E168012801F10101E16005D0A0
:10AA20006FF0010010BDE0680130E060002010BD53
:10AA3000B0B5EFF3058109B10020B0BD044698B16F
:10AA400060680107F8D4D4E9021200F0010541B1B1
:10AA50004F2AF1D9002D0CBF0120042003F030FB58
:10AA600006E0002AE8D10DBB012003F016FB00250B
:10AA70000028E1D047F60423002C14BF21680021F0
:10AA80000022C2F2010300BF53F832401CB1013270
:10AA9000082AF9D104E003EBC20443F832106060E5
:10AAA000002D08BFB0BD40F00100B0BD042003F090
:10AAB000F4FA0125DCE710B5EFF3058119B16FF069
:10AAC0000504204610BD014620F0010058B111F0E8
:10AAD00001010BD10021002203F0CCFB013818BF8B
:10AAE0006FF0020010BD6FF00304EAE74CF2A4120D
:10AAF000C2F2010281681268914202D06FF0020432
:10AB0000DFE7C1680139C16001D00024D9E7002125
:10AB10000022002403F0AEFBD3E710B582B020B1D1
:10AB20000C46EFF3058119B174B16FF0030024E016
:10AB3000214603F0B7FF01281BD06FF00100002C65
:10AB400008BF6FF0020018E00021019101AA002166
:10AB500003F04CFF01280ED1019850B14EF604507D
:10AB6000CEF200004FF080510160BFF34F8FBFF372
:10AB70006F8F002001E06FF0020002B010BD0000F6
:10AB800010B582B0EFF3058111B1002002B010BD05
:10AB9000044680B1D4E902305BB14F28F5D94FF0BB
:10ABA000030C012000210022CDF800C003F0BCFA04
:10ABB00006E00028E9D101200021032203F097FAE2
:10ABC0000028E2D047F60423002C14BF216800219E
:10ABD0000022C2F2010300BF53F832401CB101321F
:10ABE000082AF9D1D2E703EBC20443F832106060BF
:10ABF000CCE70000B0B570B10446EFF3058058B162
:10AC0000206C80B14FF0500080F31188BFF36F8F3C
:10AC1000BFF34F8FFEE7B0BD204600210022BDE804
:10AC2000B04003F027BB206848B303F0B9F9EFF355
:10AC300011854FF0500080F31188BFF36F8FBFF381
:10AC40004F8FA06BE16B884225D294F845100130FC
:10AC5000FF29A06322D1606A18B3206B04F0F8FBCF
:10AC6000F8B14EF60450CEF200004FF0805185F35B
:10AC700011880160BFF34F8FBFF36F8FB0BDA06825
:10AC80000028D2D04FF0500080F31188BFF36F8FAF
:10AC9000BFF34F8FFEE785F31188B0BD481C84F8E1
:10ACA000450085F31188B0BD2DE9F04784B0054615
:10ACB00089460020002D0390EFF3058156D000292E
:10ACC00054D122B39769002F08BF1827382F4CD8CA
:10ACD0001079C00749D15169D2E902648B08D2F8D2
:10ACE00000800029184608BF8020D6B35C2C3CD3D6
:10ACF0004FF00000D1B31169C1B3CDE9007128460E
:10AD000041461A464B46029604F06AFA27E0182795
:10AD100080204FF000081FFA80FA4FEA8A0001F005
:10AD20003DFFD8B104465C2001F038FF98B10646DB
:10AD30000463002086F8590003A8CDE90070284676
:10AD4000414652464B46029601F05AFB304601F00E
:10AD5000C1F803980AE0204603F0D8F800200390D9
:10AD600004E014B911690029D5D0002004B0BDE871
:10AD7000F0870000F0B581B00746002F4FF00004C7
:10AD8000EFF3058049D0002847D108200E4601F096
:10AD900005FF00284FF000043FD0054607604460DF
:10ADA000CEB1D6E9024037688CB32B2831D92C209C
:10ADB000009000982C2833D10098022084F82800B5
:10ADC00001F078F944F6AD61002227600120C0F659
:10ADD0000001626111E000272C2001F0DFFEC0B10C
:10ADE0000026044680F8286001F064F944F6AD615D
:10ADF0000120C0F6000127606661A061E56194F85A
:10AE00002800216240F0040084F8280005E00028B2
:10AE1000E2D0284603F07AF80024204601B0F0BDC5
:10AE20004FF0500080F31188BFF36F8FBFF34F8F47
:10AE3000FEE780B584B040F2C461C2F200010A6846
:10AE40008188C388B0F808C04089ADF80010CDE90A
:10AE5000013C136AADF80C0069461046984704B0EF
:10AE600080BDB0B54BF65825C2F200052B684BF6F5
:10AE70000410C2F200000C46CA1AD0F83C11D0F8F7
:10AE800048011944FDF7B0FC4BF65C30C2F20000FB
:10AE90000068FF2C88BF00242C60BDE8B040FFF79D
:10AEA000A9BE70B542F270064BF60415C2F2000658
:10AEB000C2F200057069D5F85041FFF783FD002C00
:10AEC00018BF083C13D06068B0F1FF3F0FDC216869
:10AED0004BF6EF62CDF6AD62914208D1F16820F0F9
:10AEE000004060600844F060204601F01BFE70697D
:10AEF000FFF7E1FD4CF28C10C2F20100006805F58D
:10AF0000A8710022FFF775FC40B14CF28810C2F224
:10AF100001000068BDE87040FFF76CBE41F690602C
:10AF2000C2F20000416C202905D14AF6A361C0F6A7
:10AF30000001416504E0416CC16C41F02001C16435
:10AF4000D5F85011C878421D41F69060C2F2000059
:10AF5000BDE87040F8F7CCBA80B584B0017901291A
:10AF600012D142F26401C2F200010A68B0F8051081
:10AF7000B0F80730B0F80900CDE90113D369ADF896
:10AF80000C0001A91046984704B080BD017903293F
:10AF900041D8DFE801F0020C232DD0F806104079EB
:10AFA0004BF68802C2F2000252F820001EE04179FE
:10AFB000002908BF70474BF6880C0021C2F2000C34
:10AFC00001EB810303449A79D3F807305CF822201F
:10AFD0000131136242799142F2D31CE040794BF681
:10AFE0008801C2F2000151F820000021016270477F
:10AFF00040794BF688024FF0000CC2F200020023A9
:10B0000020FA03F1C9071CBF52F82310C1F820C071
:10B010000133042BF4D1704770B54BF60016C2F221
:10B020000006316804460846FFF7CCFC2079022868
:10B0300009D0012814D114F8052F40F20C05611C29
:10B04000C2F2000506E014F8052F4CF25805611C09
:10B05000C2F201052846F6F73BF820780021295472
:10B060003068BDE87040FFF726BD000070B584B0C1
:10B0700001790139082900F2A680DFE801F005A472
:10B0800038A45EA475A48C00C479002C00F09B80C9
:10B090004CF2941C0021C2F2010C47F2305E40F6E3
:10B0A000C412012301EB410505442E7A042E1AD85F
:10B0B000B5F809500CEB8604754547F2305654F844
:10B0C000044C38BF2E46142E98BF1426B5F5FA7FCF
:10B0D00098BF4FF4FA75954228BF1546A560666182
:10B0E00084F82130C4790131A142DBD36BE0C1790E
:10B0F000042968D84CF29412C2F2010202EB8101D9
:10B100000289B0F8050047F23053984251F8041C08
:10B1100038BF0346142B98BF1423B2F5FA7F98BFAB
:10B120004FF4FA7240F6C410824228BF0246012052
:10B130008A604B6181F8210045E04079042842D8BB
:10B140004CF29411C2F2010101EB800151F8041C90
:10B150008DF80400C96805208DF80500ADF80610CB
:10B1600001A9042004222CE0417904292BD84CF2B7
:10B170009412C2F2010202EB810190F9060051F82B
:10B18000041C6428A8BF642010F1640FD8BF6FF0BE
:10B190006300486017E04079042814D84CF29411F9
:10B1A000C2F2010101EB800151F8041C8DF804008A
:10B1B000496809208DF805008DF8061001A90420C2
:10B1C000032200F06FFD04B070BD000092B04BF69A
:10B1D0005C30C2F20000006800210024FFF79DFCF3
:10B1E00041F69060C2F20000046400F021FD4BF6CD
:10B1F00004144BF6EF6944F2101A4FF6D80BC2F262
:10B200000004CDF6AD69C2F2521AC0F6000B00BFC1
:10B210004BF65C30C2F20000006830B1EFF30581FC
:10B2200019B94FF0FF3103F03DFCD4F84801FDF7A8
:10B2300037FA0028ECD00646D4F84871402E28BFD3
:10B240004026002F00F0BA803868484540F0B680AC
:10B25000B869504540F0B2807868002800F0AE80B0
:10B26000002E00F0AB80B868002800F0A7803846B8
:10B27000FDF716FAB04238BF0646002E00F09E8059
:10B28000D7E90280354611901198A8EB0000B04232
:10B290003CBF1198A8EB0005D7F8049011982A46F6
:10B2A00009EB000101A8F5F713FF1198B6EB050AA9
:10B2B0002844119007D001A8284449465246F5F782
:10B2C00007FFCDF844A011984BF6EF6940454FF0C9
:10B2D000000828BFCDF8448011987B6944F2101A09
:10B2E000CDF6AD69C2F2521AF8601BB138460021A2
:10B2F00032469847002500BF206805280BD801ABCF
:10B30000DFE800F0030C141E2939585DAA38B0FAA2
:10B3100080F0400908E0C4F800804BE0585D5538E3
:10B32000B0FA80F040094000206043E0585D002101
:10B330000B2838BF03210A28216098BFA07139E08B
:10B34000585DE07100284FF0040008BF0520206020
:10B35000C4F838812EE0D4F83801595D20440172D8
:10B36000D4F83801E17901308842C4F83801A4BF2B
:10B37000052020601EE0E279585DA1180872A11D29
:10B380000232002311F8017B013A7B401BF80330A5
:10B390001704F7D1984207D1A07904EB8000D0F8C8
:10B3A0000C1109B1201D8847204640F20911F5F71C
:10B3B0001CFC00BF0135B5429ED100BFD4F8480146
:10B3C000FDF76EF9064600287FF436AF20E700004F
:10B3D0002DE9F04F91B00446007921284BDDA0F112
:10B3E0003001142900F2A880DFE811F01500F50300
:10B3F000E700F5031601F5035201F5038C01F5038F
:10B40000A701F503F503F503F503F503D501F503EE
:10B410001602310243026079E188228945F25553D0
:10B420008DF80A004FF47A70B1F57A7FADF80830E4
:10B4300028BF0146B2F57A7F38BF10460A468142DE
:10B4400084BF024608468DF80F00000A110A8DF8E5
:10B45000100041F207408DF80D208DF80E10ADF868
:10B460000B000022022002A90B5C013013440928C2
:10B470009AB2F9D100E1411E112900F28380DFE880
:10B4800011F01200AA030102AA033202AA03610208
:10B49000AA039802AA03C602C902CE02AA03AA03FB
:10B4A000FB02AA032203E079002800F094834CF207
:10B4B000642B04F108074FF0000845F2555940F29B
:10B4C000071A02ADC2F2000B002600BF06EB4600D1
:10B4D0003918385CB1F80110B4F80520B1F57A7F5D
:10B4E00028BF4FF47A718DF80A00080A8DF80E0013
:10B4F000100A8DF80D108DF8100000210220ADF813
:10B5000008908DF80F20ADF80BA000BF2A5C013029
:10B510000A44092891B2F9D1D043DBF834308DF8D0
:10B5200011005846294601228DF812809847E0798B
:10B5300001368642CAD34EE3222800F01483242821
:10B5400040F04983607945F255518DF80A0041F287
:10B550000320ADF80810ADF80B000022022002A96C
:10B560000B5C0130134405289AB2F9D1D8438DF809
:10B570000D004CF26420C2F200000021436B8DF8F4
:10B580000E109CE2202840F026836079A17945F2D4
:10B5900055528DF80A0041F20410ADF808208DF8DC
:10B5A0000D10ADF80B000022022002A90B5C013047
:10B5B000134406289AB2F9D176E245F255506579DE
:10B5C000ADF8080041F20350ADF80B000022022054
:10B5D00002A98DF80A5000BF0B5C01301344052806
:10B5E0009AB2F9D14CF26424C2F20004D843636BDE
:10B5F0008DF80D00002602A9204600228DF80E606D
:10B6000098470146002818BF4FF0FF31D4F80920B1
:10B6100032238DF8385068E06079E188228945F25C
:10B6200055538DF80A0041F29410ADF8083081426C
:10B6300088BF084643F2B0618A4238BF11460246CD
:10B64000884284BF0A460146100A8DF80E00080A97
:10B650008DF8100041F207608DF80D208DF80F1065
:10B66000ADF80B000022022002A900BF0B5C0130E4
:10B67000134409289AB2F9D1D8438DF811004CF23D
:10B680006420C2F200000021436B8DF8121016E214
:10B6900045F255506579ADF8080041F20370ADF8F8
:10B6A0000B000022022002A98DF80A500B5C013029
:10B6B000134405289AB2F9D14CF26424C2F2000472
:10B6C000D843636B8DF80D00002602A920460022A6
:10B6D0008DF80E6098470146002818BF4FF0FF31E3
:10B6E000D4F809208DF8385036238DF839308DF88C
:10B6F0003A10002818BF3246CDF83B200EA905208D
:10B70000072266E26079A17945F25552ADF808202A
:10B710008DF80A00642928BF642141F604008DF8E1
:10B720000D10ADF80B000022022002A90B5C0130C5
:10B73000134406289AB2F9D1B6E145F2555065791D
:10B74000ADF8080041F60310ADF80B00002202200E
:10B7500002A98DF80A5000BF0B5C01301344052884
:10B760009AB2F9D14CF26424C2F20004D843636B5C
:10B770008DF80D00002602A9204600228DF80E60EB
:10B780009847617A00281CBF31464FF0FF308DF892
:10B7900038503A2214E201274FF4817A6FF0030BFC
:10B7A0004FF00A080DF130090AAE0024002500BF51
:10B7B0004FF6FF70ADF83000ABEB07008DF83500A9
:10B7C00048460621324606238DF83270ADF833A084
:10B7D000CDF800800195FCF7FBFA20B99DF82A000E
:10B7E00002A908550134FC2F03D8202C07F10107CA
:10B7F000DED344F2FF000EADADF838008DF83A40CC
:10B80000E81C082C28BF082402A92246F5F760FC92
:10B81000E21C05202946DCE14FF6FF70ADF8300050
:10B8200040F204206179C0F21550CDF833000CA825
:10B830008DF83210053004310223002289B2022A29
:10B8400051FA83F100F06C81835C0132F6E7617993
:10B85000A31D02AC0527204615220097FCF780FAAD
:10B86000014600270A20009020460022002301976D
:10B87000CAE1A179E079072900F2B081E4A252F887
:10B880002150AFE16079002800F0A5814CF26426D8
:10B8900004F1060B4FF0000845F2555940F6034AF3
:10B8A00002ADC2F2000600271BF8070000218DF848
:10B8B0000A000220ADF80890ADF80BA02A5C013018
:10B8C0000A44052891B2F9D1D043736B8DF80D006D
:10B8D0003046294601228DF80E809847607901375D
:10B8E0008742E1D377E145F255506579ADF808001C
:10B8F00041F60340ADF80B000022022002A98DF8AA
:10B900000A5000BF0B5C0130134405289AB2F9D1EC
:10B910004CF26424C2F20004D843636B8DF80D002E
:10B92000002602A9204600228DF80E609847B4F840
:10B930000910052200281CBF31464FF0FF308DF85A
:10B9400038502CE045F255506579ADF8080041F6C5
:10B950000330ADF80B000022022002A98DF80A5036
:10B960000B5C0130134405289AB2F9D14CF26424DF
:10B97000C2F20004D843636B8DF80D00002602A9C3
:10B98000204600228DF80E609847B4F80910002870
:10B990001CBF31464FF0FF308DF8385007228DF82C
:10B9A00039208DF83A00ADF83B100EA9052005228C
:10B9B0000FE145F255506579ADF8080041F60320D6
:10B9C000ADF80B000022022002A98DF80A5000BF3A
:10B9D0000B5C0130134405289AB2F9D14CF264246F
:10B9E000C2F20004D843636B8DF80D00002602A953
:10B9F000204600228DF80E609847617A00281CBF0F
:10BA000031464FF0FF308DF838500922D8E0607988
:10BA1000002101E06079012101F07CFBDBE045F2CF
:10BA200055506579ADF8080042F20300ADF80B00FF
:10BA30000022022002A98DF80A5000BF0B5C0130E1
:10BA4000134405289AB2F9D14CF26424D843C2F2C7
:10BA500000048DF80D000020636B8DF80E0002A924
:10BA6000204600229847617A0D22002818BF4FF027
:10BA7000FF308DF83850A3E06079A17945F2555236
:10BA80008DF80A0040F60450ADF808208DF80D102E
:10BA9000ADF80B000022022002A900BF0B5C0130B0
:10BAA000134406289AB2F9D1D8438DF80E004CF20F
:10BAB0006420C2F20000436B00218DF80F1002A930
:10BAC0000122984787E045F255506579ADF80800A6
:10BAD00040F60360ADF80B000022022002A98DF8A9
:10BAE0000A5000BF0B5C0130134405289AB2F9D10B
:10BAF0004CF26424D843C2F200048DF80D000020FB
:10BB0000636B8DF80E0002A9204600229847617AE7
:10BB1000002818BF4FF0FF308DF8385012224FE048
:10BB2000C8438DF837006420002700900CA802AAB3
:10BB300008210B230197FCF74BF961798DF8381038
:10BB40004FF042018DF839108DF83A0038B99DF860
:10BB50001100DDF80D108DF83F00CDF83B100EA957
:10BB60000520082235E045F255506579ADF808000A
:10BB700041F20330ADF80B000022022002A98DF83B
:10BB80000A5000BF0B5C0130134405289AB2F9D16A
:10BB90004CF26424C2F20004D843636B8DF80D00AC
:10BBA000002602A9204600228DF80E609847617A8F
:10BBB00000281CBF31464FF0FF308DF8385022224C
:10BBC0008DF839208DF83A008DF83B100EA905202C
:10BBD000042200F067F811B0BDE8F08F44F2402570
:10BBE000C0F20F05617902AC8DF8380001270EAB69
:10BBF000204606220097FCF7B3F801460A20009081
:10BC00002046002200230195FCF7E2F8E3E700BF9D
:10BC100040420F0020A1070090D003000000000068
:10BC200000C20100002C010000E1000000960000AD
:10BC300010B541F69064C2F200042046F7F70AF806
:10BC4000606C202805D14BF6A550C0F60000206698
:10BC500004E0606CE06C40F02000E064206C01289F
:10BC600010D001202064606C202805D14AF6636062
:10BC7000C0F60000606703E0E06C40F02000E06484
:10BC8000002020644BF60410C2F20000D0F83C11F2
:10BC9000B0F8402141F69060C2F20000BDE81040CB
:10BCA000F6F76CBF2DE9F04107464CF24000C2F2B6
:10BCB00001000E46911D08301446FCF763FCF0B1FC
:10BCC000054645F2AA5005F1040828804046314651
:10BCD0002246EC70AF70F5F7FBF9A11C080410D0F8
:10BCE0004FF6D803EA1C0020C0F60003FFB27840EC
:10BCF0000139185C0F0405D012F8017BF6E7BDE8A6
:10BD0000F081002008F804004BF60410C2F2000095
:10BD1000D0F84C212946BDE8F04110474CF2881676
:10BD2000C2F201063068FEF765FF4BF604184CF2CC
:10BD30008C17C2F2000841F690654AF6A369C2F278
:10BD4000010708F5A874C2F20005C0F6000900BF9B
:10BD5000306830B1EFF3058119B94FF0FF3102F0CF
:10BD6000A1FEEFF305800028F2D138680028EFD05B
:10BD700021464FF0FF3202F04FFC0128E8D1686CF9
:10BD8000202802D1C5F8549004E0686CE86C40F0BB
:10BD90002000E864D8F85011C878421D2846F7F70B
:10BDA000A7FBD5E7FFF744BF2DE9F04147F65C223A
:10BDB0004CF2A418C2F20102C2F20108D2F800C08B
:10BDC000D8F80040D4E902756269BD605368261D49
:10BDD000E568B3424FF000036F6008BF55606361D0
:10BDE0001368013B13601268421C14D199B147F6E5
:10BDF0004821C2F20101D8F800004A68071D936883
:10BE00008260C360936897605F6041610868013039
:10BE10000860BDE8F081D8F800101CEB000CC1F8F8
:10BE200004C015D34CF2A810C2F20100D0F800C033
:10BE3000D8F800E0724652F8041F481C1ED00CF1DE
:10BE4000080300BF18465B681C688C42FAD918E0EA
:10BE50004BF6AC50C2F20000D0F800E0D8F8002059
:10BE6000134653F8044F601C1AD00EF1080000BFAF
:10BE7000014640680568A542FAD914E0DCF81000D4
:10BE80004368CEF808309A60CEF80C004260CEF8D5
:10BE900014C0DCF800000130CCF80000BDE8F081EF
:10BEA000DEF81010486890608360D1604B60C2F883
:10BEB00014E0DEF800000130CEF800004CF224203F
:10BEC000C2F2010001688C4538BFC0F800C0BDE86F
:10BED000F08100002DE9F0474CF274094FF0500159
:10BEE00081F31188BFF36F8FBFF34F8FC2F2010947
:10BEF000D9F8002002F1010AC9F800A012B34CF2EF
:10BF0000EC15C2F201052F684CF2A41C01372F601A
:10BF1000C2F2010CDCF8007047F6442E4BF6B45424
:10BF2000C2F2010EC2F20004EFB1DEF800100029E7
:10BF300072D1DCF80010C36AC96A994298BFCCF884
:10BF4000000069E04EF60457CEF200073F683F0656
:10BF5000D5D04FF0500080F31188BFF36F8FBFF33F
:10BF60004F8F00BFFEE7CCF800002D68012D53D1A4
:10BF700000254FF0FF360027E319194641F8086FF6
:10BF80005960C3E90311E5511437B7F58C6FF3D14C
:10BF900047F6D015C2F201054FF0FF3829464CF2A2
:10BFA000082741F8088FC2F201076960C5E903114B
:10BFB000002639462E6041F8088F7960C7E90311E1
:10BFC00047F6F011C2F201010B463E6043F8088FBC
:10BFD0004B60C1E903330E604CF23821C2F201011B
:10BFE0000B4643F8088F4B60C1E903330E6047F6F8
:10BFF0004821C2F201010B4643F8088F4B60C1E9AA
:10C0000003330E604BF6AC51C2F200010D604CF2EE
:10C01000A811C2F201010F604CF2F011C2F201014D
:10C020000B6841F2FC6601330B604364C2F2010607
:10C03000C56A3168071D8D4205EB850188BF3560F3
:10C0400004EB81035D684361AE688560C660AE68DD
:10C05000AF60776054F82130BAF1000F03F10103AB
:10C0600044F821301BD0C9F8002012B9002181F317
:10C070001188DEF8001081B1DCF80010C06AC96ACE
:10C0800081420AD24EF60450CEF200004FF08051A9
:10C090000160BFF34F8FBFF36F8FBDE8F0874FF0A4
:10C0A000500080F31188BFF36F8FBFF34F8F00BF35
:10C0B000FEE70000F0B581B04CF274054FF050007F
:10C0C00080F31188BFF36F8FBFF34F8FC2F201056A
:10C0D0002868411C296080B147F66027C2F2010739
:10C0E0003868D0B12868002861D00138286002D1B2
:10C0F000002080F3118801B0F0BD4EF60450CEF25E
:10C10000000000680006E7D04FF0500080F311886F
:10C11000BFF36F8FBFF34F8FFEE74CF2F410C2F204
:10C1200001004FF0FF31024642F8081F4260C0E9AB
:10C13000032247F6B812C2F2010200261346066037
:10C1400043F8081F4BF6A851C2F200015360C2E940
:10C150000333166008604CF2AC10C2F201000260BA
:10C1600050200090009850282BD100984BF6545442
:10C17000C2F20004012084F846004BF6B440C2F23B
:10C18000000020600A201021C4E90F01204602F0BF
:10C1900013F847F60420C2F2010084F84C603C60BA
:10C1A00050F83610B9B10136082EF9D19AE74FF0A0
:10C1B000500080F31188BFF36F8FBFF34F8F00BF24
:10C1C000FEE74FF0500080F31188BFF36F8FBFF38D
:10C1D0004F8F00BFFEE700EBC60102A240F83620F9
:10C1E0004C607FE7546D725100000000F0B581B0E3
:10C1F000856B026C044662B16068F4F769FF216CDC
:10C20000D4E9010208446060904224BF2068606065
:10C2100001E0206820B10020691CA16301B0F0BDDD
:10C22000A26800267AB14CF2A410C2F201000068A4
:10C2300090420BD04FF0500080F31188BFF36F8F06
:10C24000BFF34F8FFEE70020A660E5E7106D0028E2
:10C2500043D0013810654FF00000F5D1D16AD36C9E
:10C260009942F1D0D2E9021E5069C1F808E0D2F833
:10C270000CE0476802F1040CCEF804100021674579
:10C2800008BFC0F804E0516101684BF6B45E0139A3
:10C2900001600068C3F13800906141F2FC60D36234
:10C2A000C2F201000168C2F2000E8B4288BF036037
:10C2B00003EB83000EEB80035F685361B9689760FE
:10C2C000D160B968C7F808C0C1F804C05EF8201092
:10C2D00001314EF820100120B6E74FF0500080F3F6
:10C2E0001188BFF36F8FBFF34F8F00BFFEE70000D1
:10C2F0004EF6045A41F2F4664CF274074CF2382BB5
:10C300004CF2EC18CEF2000AC2F20106C2F20107AA
:10C31000C2F2010B4FF00009C2F201083068002898
:10C3200040D04FF0500080F31188BFF36F8FBFF300
:10C330004F8F3868411C396018B9DAF800000006E0
:10C3400053D1DBF80C00C468D4E90231606999600C
:10C350004568E168221D95424B6008BF4160C4F802
:10C3600014900168013901600068D8F800000138B4
:10C37000C8F80000306801383060386810B3013800
:10C38000386001D189F3118894F859000228C5D08A
:10C39000012803D0F8B9206B01F0B8FD204601F068
:10C3A000B5FDBBE74BF6B450C2F2000000680228AE
:10C3B000B4D34FF08050CAF80000BFF34F8FBFF3E3
:10C3C0006F8FABE74FF0500080F31188BFF36F8F92
:10C3D000BFF34F8FFEE74FF0500080F31188BFF39B
:10C3E0006F8FBFF34F8F00BFFEE74FF0500080F319
:10C3F0001188BFF36F8FBFF34F8F00BFFEE70000C0
:10C400002DE9F0470A9C8246206B17460E46DDE96F
:10C4100008599100A5229846F4F738FF206B00EBED
:10C420008700A0F1040020F0070076B104F1340188
:10C43000002200BFB35C8B54B35C13B10132102AED
:10C44000F8D1002184F8431002E0002184F8341070
:10C45000372D28BF37250021C5F138024CF2A563DE
:10C46000C4E91351C4E90441A261C4E90941E56288
:10C47000616584F858104FF080712AF00102C0F60F
:10C48000000340E9033240F8041C6FF0020140E968
:10C4900009184438B9F1000F206018BFC9F80040EE
:10C4A000BDE8F08780B54CF23022C2F2010200BF35
:10C4B000114612688242FBD34B68D0F804C001EBEE
:10C4C000030E864503D19C440846C1F804C000EB26
:10C4D0000C03934201D002600BE04BF6B053C2F262
:10C4E00000031B689A42F6D0D2E900236344C0E9F6
:10C4F0000023814218BF086080BD000010B584464B
:10C500004CF8041F9142006114D99A4201D2994219
:10C5100026D24BF6A852C2F20002D2F800E04A1C22
:10C5200020D00EF1080300BF1A465B681C688C42DD
:10C53000FAD91AE0D0F818E0D21A724510D24CF2AB
:10C54000AC12C2F20102D2F800E04A1C0AD00EF18D
:10C55000080300BF1A465B681C688C42FAD904E0E5
:10C56000012010BDDEF8102053688360C3F808C0B6
:10C57000C260C2F804C0C0F814E0DEF80000013068
:10C58000CEF80000002010BD08480068006880F365
:10C5900008884FF0000080F3148862B661B6BFF3DC
:10C5A0004F8FBFF36F8F00DF00BF00BF08ED00E0CB
:10C5B0002DE9F04F81B047F65C214BF6A458C2F24A
:10C5C0000101C2F20008D1F800A0D8F8001081469D
:10C5D0008A4553D24BF6A855C2F200052868016877
:10C5E000002942D04FF0000BC268D6681768D6E920
:10C5F0000231706999604168341DA142F1684B6055
:10C6000008BF4160C6F814B00168013901600068D4
:10C61000316A3046884796F82800400721D5B0692E
:10C62000C119B9420CD928684A1C716036610ED014
:10C6300000F108021346526817688F42FAD908E0E1
:10C64000304600213A4603F071F850B91FE0036903
:10C650005A68B2609460F3605C6070610168013197
:10C660000160286801680029BED14CF2AC11C2F209
:10C6700001010A68086001202A6000E00020C9F872
:10C6800000005046C8F800A001B0BDE8F08F4FF0A0
:10C69000500080F31188BFF36F8FBFF34F8F00BF3F
:10C6A000FEE7000081B0002000904CF27400C2F25E
:10C6B000010000684FF0500181F31188BFF36F8FC4
:10C6C000BFF34F8F013001D0FEE700BF0098002874
:10C6D000FCD001B07047000086B04BF6A85847F672
:10C6E000602AC2F2000802ACC2F2010A4FF0000B4D
:10C6F00001AD00BFD8F8000006681EB1C068D0F8D0
:10C70000009001E04FF0000941F2F861C2F201012E
:10C710000868013008602046FFF74AFF029919B106
:10C7200002F014FF1EE100BF07460EB3B9451FD843
:10C7300002F00CFFD8F80000C068C668D6E90221F4
:10C7400070699160F168331D4A6042689A4208BF7F
:10C750004160C6F814B0016801390160006896F8BC
:10C760002800410707D400F0FE0086F8280013E0F7
:10C77000B6B100211DE0B0693A4600EB0901304630
:10C780004B46FFF7BBFE38B1304600214A4602F067
:10C79000CDFF002800F01781316A30468847E1E07C
:10C7A0004CF2AC10C2F2010000680068B0FA80F0F0
:10C7B00041094CF27403DAF800804FF0500080F326
:10C7C0001188BFF36F8FBFF34F8FC2F20103186858
:10C7D0004BF65456C2F20006421C1A6038B94EF6A7
:10C7E0000453CEF200031B681B0640F0E28096F86B
:10C7F0004430FF2B08BF86F844B096F84530FF2B35
:10C8000008BF86F845B0002A00F0C9804CF27402D7
:10C81000C2F20102106008B98BF31188B06B08BB3B
:10C820004CF2A410C2F201000068B26A00F11806CE
:10C83000C261936808F1240C0362936800295E606A
:10C8400096604BF65452C2F20002C0F828C0506AFB
:10C8500000F1010050624FF0FF3008BFA9EB070064
:10C86000FFF7A2FA404600F0B9F802F06FFE4BF66F
:10C87000A8580028C2F2000840F074804EF6045018
:10C88000CEF200004FF080510160BFF34F8FBFF335
:10C890006F8F67E00298B0F1FF3F06DCDDE903200F
:10C8A00005999047029800285CD4049E706978B17D
:10C8B000D6E90221331D9160F1684A6042689A42CC
:10C8C00008BF4160C6F814B0016801390160006812
:10C8D0002846FFF76DFE0299092943D80246DFE892
:10C8E00001F00505052225340505222596F82800C6
:10C8F000039BB16940F0010086F8280019443046D6
:10C90000FFF7FCFD70B3316A3046884796F828007F
:10C91000400727D50398B1690A183046002102F074
:10C9200005FFF8B931E096F8280016E096F82800DF
:10C9300040F00101039886F82810B061E0B1811839
:10C9400030461346FFF7DAFD0CE096F82800810721
:10C9500003D4304601F0DAFA04E000F0FE0086F875
:10C96000280000BFDAF800002146002201F054FE42
:10C9700000287FF48FAFBDE64FF0500080F31188A0
:10C98000BFF36F8FBFF34F8FFEE74FF0500080F380
:10C990001188BFF36F8FBFF34F8F00BFFEE74FF0DB
:10C9A000500080F31188BFF36F8FBFF34F8F00BF2C
:10C9B000FEE74FF0500080F31188BFF36F8FBFF395
:10C9C0004F8F00BFFEE74FF0500080F31188BFF398
:10C9D0006F8FBFF34F8F00BFFEE700002DE9F041DE
:10C9E0004CF274084FF0500181F31188BFF36F8F40
:10C9F000BFF34F8FC2F20108D8F800100446481C5C
:10CA00000029C8F8000058D094F94560012E12DBC7
:10CA10004CF25027C2F20107012500BF606A40B105
:10CA2000206B02F015FD00B13D6070B2013E01289F
:10CA3000F4DCD8F80000FF21002884F845104CD021
:10CA40000138C8F8000002D1002080F311884FF0AF
:10CA5000500080F31188BFF36F8FBFF34F8FD8F86A
:10CA60000010481C0029C8F8000040D094F9446028
:10CA7000012E12DB4CF25027C2F20107012500BF44
:10CA8000206940B1E06902F0E3FC00B13D6070B2A2
:10CA9000013E0128F4DCD8F80000FF21002884F8CA
:10CAA000441034D00138C8F8000018BFBDE8F08148
:10CAB000002080F31188BDE8F0814EF60451CEF2DB
:10CAC0000001096809069FD04FF0500080F31188DB
:10CAD000BFF36F8FBFF34F8FFEE74FF0500080F32F
:10CAE0001188BFF36F8FBFF34F8F00BFFEE74EF685
:10CAF0000451CEF2000109680906B7D04FF050008A
:10CB000080F31188BFF36F8FBFF34F8FFEE74FF0B5
:10CB1000500080F31188BFF36F8FBFF34F8F00BFBA
:10CB2000FEE7000010B540B342F2700CC2F2000CF8
:10CB3000624600BF0AB3114612688242FAD3D1F8A6
:10CB400004E001EB0E03834203D140687044486067
:10CB5000084672B1536863B1D0F804E000EB0E04EC
:10CB6000944206D1DCF80840A24202D01268734415
:10CB700043600260814218BF086010BD4CF21C1077
:10CB8000C2F2010000680022FDF7BABE4CF2D400E8
:10CB9000C2F2010000680022FDF7B2BE2DE9F047A5
:10CBA00041F2F861C2F201010A6801320A604BF6F3
:10CBB000B051C2F200010A685AB147F6CC12C2F273
:10CBC000010292F800A0BAF1000F18BF4FF0004A1E
:10CBD00036E04CF2EC62C2F20002D71D27F00707E4
:10CBE00012F00703A2EB070618BF3A464CF23027B3
:10CBF000C2F201070025C7E900254FF4A047002B2A
:10CC000018BF06F5A047D319083B23F007030B60B4
:10CC1000C3E900550F689B1AC2E900734CF2202249
:10CC2000C2F20102136047F6E412C2F2010213607D
:10CC300047F6CC12C2F2010201234FF0004A1370F2
:10CC400000284FF0000472D01AEA00026FD100F100
:10CC5000080212F007001EBF101A00F108025FEA76
:10CC6000427020D147F6E418C2F20108D8F80090CB
:10CC7000501E48453BD24CF23023C2F201031D68DE
:10CC80002E4656F8040F90421BD22F68AFB100BF5A
:10CC90003E4656F8040F2B463D46904211D22F686F
:10CCA000002FF5D10DE04FF0500080F31188BFF355
:10CCB0006F8FBFF34F8F00BFFEE74CF23023C2F2FD
:10CCC000010309688D4212D01C682F68811A11294E
:10CCD0001F6013D3A81843070BD04FF0500080F308
:10CCE0001188BFF36F8FBFF34F8F00BFFEE70024A3
:10CCF0001DE041603260FFF7D5FB30684CF2202127
:10CD0000C2F201010B68A9EB00029A42C8F80020A8
:10CD100038BF0A60002129604CF22821C2F20101CB
:10CD20000A6840EA0A0008343060501C086002F0CB
:10CD30000DFC600709D04FF0500080F31188BFF35D
:10CD40006F8FBFF34F8F00BFFEE72046BDE8F0872F
:10CD5000002840F218004FF40061C4F2020008BF3E
:10CD60004FF0006101607047002840F218004FF456
:10CD70008051C4F2020008BF4FF08051016070473B
:10CD8000002840F618004FF48071C4F2020008BF7A
:10CD90004FF0807101607047002840F618004FF492
:10CDA0000071C4F2020008BF4FF0007101607047CB
:10CDB000F0B581B04CF21426C2F2000635680C467C
:10CDC00085F001001F29306006D841F61070C2F2CC
:10CDD0000000F5F73FFF30684CF29C26C2F20006D7
:10CDE00056F8201041F61070C2F200002022F5F72C
:10CDF000C5FE4CF21827C2F20007386856F8251015
:10CE00002246FBF7F1FC3868FBF74AFC19283CBFC7
:10CE100001B0F0BD4CF21C20C2F20000006801B06D
:10CE2000BDE8F040FDF7E6BE8AB04CF24006C2F223
:10CE3000010630462821FBF7A5FB4CF2D418C2F2BC
:10CE40000108032106F10805C8F800000160284622
:10CE50002021FBF797FB4CF29C24C2F200042060D7
:10CE600028462021FBF78EFB60604CF21420C2F2B2
:10CE700000000021016030464FF40071FBF782FB97
:10CE80004CF2D014C2F20104206030461C21FBF7A2
:10CE900079FB4CF2182BC2F2000BCBF8000098B1D2
:10CEA000216889B14BF6EF630022CDF6AD63426194
:10CEB0000261C260C0E9003144F210114FF4007207
:10CEC000C2F25211826081614CF24425C2F2000527
:10CED00001AE00BF41F61074C2F200042046F5F71F
:10CEE000B9FE206C012811D001202064606C20283C
:10CEF00006D14CF6B150C0F60000606704E000BFF8
:10CF0000E06C40F02000E064002020644CF214202B
:10CF1000C2F2000000684CF29C21C2F2000151F8FC
:10CF2000201020462022F5F729FE4CF21C20C2F2E8
:10CF3000000000680028CDD0EFF305810029C9D199
:10CF40004FF4FA7101F0AEFD012800F0B480C1E7A2
:10CF500028780F2840F0AA80287E002840F0A6807C
:10CF6000D8F800000321016095F80190AA78EB78C9
:10CF700062F30A29A0F80490D2082C7963F34A12CC
:10CF80006F79C280A40044EA931307F001044FEACA
:10CF9000570EAF7943EA842CEC7967F3CA1E3F0938
:10CFA000A0F808C064F30A1787812F7A6B7A7F0094
:10CFB00047EAD41403F00307A0F80AE044EA472440
:10CFC000C481AC7A9B08EF7A64F38A130382FB0076
:10CFD00043EA54132C7B6F7B438267F30A248482D9
:10CFE000AC7BFB08EF7B64F34A13C382BB0043EACC
:10CFF00094132C7C6F7C04F0010A43EA8A23038398
:10D00000630867F3CA13AC7C43833B09EF7C64F38A
:10D010000A1383837B0043EAD4132C7D6F7D04F0D5
:10D02000030143EA4121C183A10867F38A11018406
:10D03000A97DEB7DC90041EA57114184D90980F8E7
:10D040002410C3F3801180F82510C3F3401180F839
:10D050002610C3F30011B9F5787F80F8271008BFB8
:10D06000B2F5787F08D1BCF1200F05D1BEF5787FED
:10D0700004BF012180F82610DBF800001921FBF71E
:10D0800082FBD8F800000022011D00BF31F81230E9
:10D0900026F812300132102AF8D1406A3146099040
:10D0A00009202422FEF7FEFD05E000BFDBF80000AA
:10D0B0000121FBF768FB28461921F3F796FDDBF801
:10D0C0000000FBF719FB19283FF442AF4CF21C207B
:10D0D000C2F20000006800283FF4FCAEEFF30581C7
:10D0E0002CE780B582B00191EFF3058070B94CF266
:10D0F0008C10C2F20100006840B101A90A2201F0BF
:10D10000B9F8013818BF6FF0010001E06FF00300BB
:10D1100002B080BD80B584B045F255528DF8020052
:10D1200041F60470ADF800208DF80510ADF803004D
:10D1300000220220694600BF0B5C01301344062820
:10D140009AB2F9D1D8438DF806004CF26420C2F2AD
:10D1500000000021436B8DF80710694601229847B3
:10D1600004B080BD2DE9F04741F218060446C4F230
:10D1700002064FF480784FF400001546C6F8008090
:10D18000306004F118000D22F3F7A2FF002041F6F1
:10D1900090772074A06284F82C506061C4E900008C
:10D1A000C4E90200C2F2000738686FF020096FF08E
:10D1B000800A6FF04005C0F80090C0F800A005603C
:10D1C000C16841F08001C160C16841F04001C160A7
:10D1D000C16841F02001C1604CF2DC10C2F20100D4
:10D1E0000068216BFDF799FC39680028CA6822F0B5
:10D1F0008002CA60CA6822F04002CA60CA6818BFCA
:10D200004FF0FF3022F02002CA60C1F80090C1F850
:10D2100000A00D608021C6F800803160BDE8F08775
:10D2200070B582B0002B7AD090F88C50002D76D05B
:10D23000069C012B06D0032C36D0022C02D1C91A31
:10D24000013101E0E50731D1B0F84C50954266D884
:10D25000B0F84E50954262D9B0F84840B0F84AE074
:10D2600013FA81F58BB2AEB27345A44638BF8C4633
:10D27000AE4208BF8C4673452B461FFA8CF138BF6F
:10D28000AEF10103AE4208BF3346714547D29DB2AD
:10D29000A54244D9A14238BFA446754588BF73460C
:10D2A0004FF0000E614630E0D21A0132B0F848600B
:10D2B0008E4234D8B0F84A608E4230D9B0F84C4033
:10D2C000B0F84EE013FA82F593B2AEB27345A446BD
:10D2D00038BF9446AE4208BF944673452B461FFAAA
:10D2E0008CF238BFAEF10103AE4208BF334672453F
:10D2F00015D29DB2A54212D9A24238BFA4467545A7
:10D3000088BF73464FF0010E6246046BA3EB0C031B
:10D31000A4689BB289B292B2CDF800E0A04702B0F7
:10D3200070BD2DE9F04F81B00446806D884269D010
:10D33000A16508780D4684F87400487884F8750073
:10D34000887884F87600C87884F87700087984F8BB
:10D350007800487984F87900887984F87A00C87967
:10D3600084F87B00087A84F87C00487A84F87D0091
:10D3700091F90A9084F87E90C87A84F87F0091F938
:10D380000C80084684F8808091F90D6084F88160F3
:10D3900091F90E7084F8827091F90FB084F883B01F
:10D3A00091F910A0112184F884A000F09DFAA4F84E
:10D3B00086002846132100F097FAA4F88800284632
:10D3C000152100F091FAA4F88A00DDB194F88D00DF
:10D3D00084F88E6084F88F70A0B1012808D15E4572
:10D3E000B8BF84F88EB05745C8BF84F88FA009E055
:10D3F00008EB0900B042C8BF84F88E004745C8BF9B
:10D4000084F88F8001B0BDE8F08F022B06D0012B8D
:10D4100006D0002B14BF1044084402E0401A00E07C
:10D42000801A80B27047022B06D0012B06D0002B49
:10D4300014BF401A104402E0801A00E0084480B291
:10D44000704710B582B0B0F83EE0DDF810C0C46A95
:10D45000A2EB0E0292B2CDF800C0A04702B010BD00
:10D460002DE9F04F87B006460020984686F8260042
:10D47000914698F8002073688B46304611469847CD
:10D480004FF6FF7188424FF0000400F0A6814FF67E
:10D49000FE7506F1600A002487B2AF4208F1010868
:10D4A00000F0918196F870204846032A59461BD80F
:10D4B000DFE802F002070D14F16D3046884748445A
:10D4C0000AE0F16D30468847ABEB00010BE0F16DEF
:10D4D00030468847A9EB0000594605E0F16D30461B
:10D4E000884700EB0B014846A6F86600B06DFF2F99
:10D4F00000F11700A6F8641004D8612F27D3B6F8FE
:10D50000881035E0B6F88A10069445182C4600BFFE
:10D510002046002100F0E8F905442046022100F0F1
:10D52000E3F9B84204F10404F2D32888000400BAF5
:10D5300090B1069CB84213D0A878295A0544080433
:10D5400000BA0028F6D100204FF6FE7528E1412FE1
:10D550000FD3B6F886100BE000204FF6FE751EE1E3
:10D56000E81C4FF6FE75CDE903B9CDF814800CE048
:10D5700008444178002900F07F8002789742F7D173
:10D58000CDE903B9CDE905840230306696F878100C
:10D59000002086F86C00504600F025F996F87910C6
:10D5A00086F86A00504600F01EF9834686F86B0044
:10D5B00096F8920096F87A9086F86E00B0FA80F0AD
:10D5C000400986F86F005046494600F00CF996F87D
:10D5D0007B4002905046214600F005F996F87C8089
:10D5E00001905046414600F0FEF8A8F10101C9B291
:10D5F00096F96A80012202FA01F1B8F1010FA0EB5D
:10D600000107C0F2C780A9F10100C0B2012101FAEF
:10D6100000F002994FF0FF32091A601EC0B202FA00
:10D6200000F0019A4FFA8BFB02445A44524296F89A
:10D6300070400097B6F864004FFA82F94FB239464D
:10D640004A462346FFF7E1FE0546B6F8660039462E
:10D650004A462346A6F86450FFF7E5FE032CA6F8D9
:10D6600066000BD8DFE804F0020E141DAC4655FA34
:10D6700088F100EB0B021BE0002091E0AC4629464C
:10D68000024615E0691CA1EB0B0C50FA88F20FE082
:10D690005FFA88F2691CA1EB020C421CA2EB0B00A2
:10D6A00006E05FFA88F3421CAC4605EB0B01D01A8A
:10D6B000B6F84C3092B280B293424FF00003009F14
:10D6C000B6F84E4038BF012390424FF0000288BFA9
:10D6D000012202EA0305844288BF42EA0305012DC4
:10D6E0004FF6FE7556D1B6F8480089B2B6F84A2012
:10D6F0001FFA8CF388424FF0000038BF01208B42A4
:10D700004FF0000188BF012101EA00049A4288BF5E
:10D7100041EA0004012C3DD10020A6F8680000BFBA
:10D7200096F87610504600F05EF896F877100746A7
:10D73000504600F058F8044630463946002200F0C2
:10D7400075F830462146012200F070F8336E96F8E5
:10D750006C201878511CCDB2082D20FA02F00AD3A3
:10D760005D1CCAF80050C2F108015B78C9B203FA27
:10D7700001F10843D11FC00786F86C10DCD196F97F
:10D7800069005845CCDB96F86E00009F4FF6FE7599
:10D7900086F89200DDF81480DDE903B978B2069CC2
:10D7A00096F8701003290DD8DFE801F0020406098D
:10D7B000834407E0814405E0ABEB000B02E0A9EBFA
:10D7C000000900BF0444726898F800103046904782
:10D7D000691C89B288427FF45FAEA0B207B0BDE891
:10D7E000F08F0020704710B502460068137B90F858
:10D7F00000C003EB010E5FFA8EF4082C2CFA03FC38
:10D800000AD3441C1460C3F108034078DBB298408B
:10D810004CEA000CAEF1080E4FF0FF3088402CEAC5
:10D820000000C0B282F80CE010BD00002DE9F04FFE
:10D8300089B00492044690F8683090F869206E3000
:10D84000029004F16F00019094F86A0094F870B0AF
:10D85000A0EB03095FFA89F05FFA81FA069082452E
:10D86000C846B4F864005DB257B2B4F86660089177
:10D8700038BF88460393079229463A465B46FFF72E
:10D88000C4FD0590304629463A465B46FFF7CBFD7E
:10D8900002460498002802980CD00078059984F874
:10D8A00092005FFA88F32046CDF800B0FFF7B8FC8D
:10D8B00005E000BF94F86D0000280198EDD00698AF
:10D8C000824506D30899079AA1EB0901013200238A
:10D8D000BAE708980399084484F86800079884F820
:10D8E000690009B0BDE8F08F405A00BA000C7047DB
:10D8F0002DE9F04102F00705012490F8926004FA46
:10D9000005F7022EBC4628BF4FF0000CB6F1010E01
:10D9100018BFBE46066822F00702367C476BDDF86A
:10D920001880724317FA82F2B8F1000F11441DD02B
:10D930000A78013B42EA0C0282EA0E020A706A1C73
:10D9400012F0070504D04FEA4C0C4FEA4E0E08E0E7
:10D95000428F90F892601144012E98BFA44618BFE0
:10D96000A6461A0408BFBDE8F081E1E70878013B4C
:10D9700040EA0C0080EA0E001A0401F8010BF5D110
:10D98000BDE8F0812DE9F04F83B0044690F838905F
:10D99000006894F8397090F811B001260DF1040870
:10D9A0004FF0000A04E000BF206801360AF1080ABF
:10D9B000007C616B0AFB00F24FF6F8731A401144C9
:10D9C0000022A5688DF809208DF8080001912046F5
:10D9D0000F21012243468DF80A70A8470137F8B29B
:10D9E000584538BF4E45DFD303B0BDE8F08FB0B522
:10D9F00090F838100568CB00838795F810C090F830
:10DA0000393095F811E04FEACC0CDA005C18A0F838
:10DA10003AC0C287744588BFAEEB0301C90001EB71
:10DA2000C301A0F84020A0F8421069694164B0BD6C
:10DA30002DE9F041B0F84030B0F85610B0F844E0AD
:10DA4000B0F854200024B0F842C08B424FF00005DB
:10DA5000A0F84840A0F84AE0A0F84C3038BF0125B3
:10DA60008A424FF0000688BF012606EA0507944562
:10DA700088BF46EA0507A0F84EC047B3B0F8525039
:10DA8000B0F85080002D2F4618BF0127A84588BF49
:10DA9000012404EA0706C64588BF44EA070600F1E8
:10DAA0008C04B6B10126B8F1000F267018BFA0F89B
:10DAB0004880AE4588BFA0F84A50934238BFA0F8CE
:10DAC0004C208C4588BFA0F84E10BDE8F08100F1D5
:10DAD0008C0400202070BDE8F08100294FF6FF7013
:10DAE00008BF70470A2918BF0846704780B582B042
:10DAF0008DF807100DF1070100F002F802B080BDAB
:10DB0000D0F810C00B4617210122604770B5A1F173
:10DB10001706092E4FF000001DD8DFE806F005209B
:10DB2000271F1F1F1F1F1F51002A49D04CF2E81C3E
:10DB3000C2F2010C9CF800604CF2AC61C2F2000130
:10DB400013F8015B013AF4B2013610060D55F7D116
:10DB50008CF8006034E0142908BF012070BD4CF23D
:10DB6000E810C2F201000021017029E04BF6001418
:10DB7000C2F200042068FCF725FF4CF2E810C2F264
:10DB800001000578F5F730FD7820F5F7F1FCF5F7A1
:10DB900081FD90B97DB16E1E4CF2AC65C2F20005FC
:10DBA00015F8010BF5F7E4FCF5F774FD18B9002E34
:10DBB000A6F10106F4D1F5F741FD2068FCF77BFFE3
:10DBC000012070BDD0F80CC019210022002360474D
:10DBD000D0F80CC00A46162100236047D0F80CC0CC
:10DBE0000A46152100236047D0F80CC013460A46A8
:10DBF00017216047F0B581B00E4604460DF10305CC
:10DC0000374617F8011B17290CDCA1F11500022873
:10DC100013D27278E768204600238DF80320B847B6
:10DC20000236EDE7A1F11800022812D2E66820467C
:10DC300000220023B0473E46E2E7172914D170784E
:10DC400001218DF8030020462A46FFF7CDFF02365A
:10DC5000D6E7FE2908D17278204629218DF80320C5
:10DC600000F028F90236CBE701B0F0BDD0F80CC0C7
:10DC7000182100220023604770B5143905291CD8EB
:10DC800004461E461546DFE801F01A03032A3D3D0F
:10DC900026692046182100220023B0472046002193
:10DCA000FFF724FF20462946FFF720FF266920467C
:10DCB000192100220023B04724E0002070BD94F811
:10DCC00024001421FF2804BF782084F82400D4F80D
:10DCD00010C020462A463346BDE870406047192DE3
:10DCE0000BD300BF20461821324600F0E7F8183D5C
:10DCF000E8B2182806F11806F4D8E9B220463246F0
:10DD000000F0DCF8012070BD10B5D0F814C0282157
:10DD1000002200230446E047D4F80CC0204614211A
:10DD200000220023E04720464B21012200F0C2F8E8
:10DD3000206829210279204600F0BCF820464B21BA
:10DD4000002200F0B7F8206829210279204600F06F
:10DD5000B1F820464B21012200F0ACF820682921BF
:10DD600042792046BDE8104000F0A4B8F0B581B07B
:10DD70000939044606294FF0000000F2718015466B
:10DD8000DFE801F0040B136E212D390040F2DC4076
:10DD9000C0F60100206000205FE02046FFF7B4FFDE
:10DDA00040F29B41C0F6010109E0002D07BF40F29F
:10DDB000D041C0F6010140F2D541C0F60101204634
:10DDC000FFF718FF4BE0002D3ED040F29441C0F623
:10DDD00001012046FFF70EFF2068C07C3DE0204691
:10DDE000FFF744FF20468121FFF7F8FE2046294631
:10DDF000FFF7EEFE24E020461E46FFF737FF70795E
:10DE000094F8221001EBC007F8B2000900F11001EC
:10DE10002046FFF7E3FE07F00F012046FFF7DEFE86
:10DE2000B07940F0B0012046FFF7D8FE3079326873
:10DE3000C000C1B22046FFF7D7FE013D2806F5D14C
:10DE40002046FFF7BFFE0AE040F28D41C0F6010117
:10DE50002046FFF7CFFE2068807C84F82200012056
:10DE600001B0F0BD80B5A1F14C02072A07D8DFE868
:10DE700002F01919161604040404002110E02939CF
:10DE800004290CD8DFE801F00305090B100001207C
:10DE900000E00A20FCF782FC04E000BF02E0012160
:10DEA00080F82710012080BD00BF00BF00BF00BF69
:10DEB00000BFF7E7D0F814C000236047F0B581B089
:10DEC000046917460E461821002200230546A04784
:10DED00028464021FFF70AFE2C69284617213246C2
:10DEE0003B46A047D5F810C0284619210022002340
:10DEF00001B0BDE8F0406047DFF80C00016841F474
:10DF000070010160704700BF88ED00E080B5D0B1BE
:10DF100047F6CC11C2F201010A7850F8043C002AFD
:10DF200018BF4FF000421A420ED0A0F1080CDCF8E6
:10DF3000001091B14FF0500080F31188BFF36F8F44
:10DF4000BFF34F8FFEE780BD4FF0500080F3118884
:10DF5000BFF36F8FBFF34F8FFEE723EA020140F854
:10DF6000041C41F2F861C2F201010A6801320A6040
:10DF700047F6E411C2F2010150F8040C0A6810449B
:10DF800008606046FEF78EFA47F6EC10C2F2010018
:10DF9000016801310160BDE8804001F0D7BA00009E
:10DFA000EFF30580102814D34EF2F031CEF20001C9
:10DFB000405C4CF2E911C2F201010978884208D2B2
:10DFC0004FF0500080F31188BFF36F8FBFF34F8F76
:10DFD000FEE74EF60C50CEF2000041F2EC61006814
:10DFE000C2F20101096800F4E060884298BF7047FE
:10DFF0004FF0500080F31188BFF36F8FBFF34F8F46
:10E00000FEE7000041F2F860C2F20100006830B1A2
:10E010004CF25020C2F201000121016070474CF225
:10E020005020C2F20100002141F2FC6C0160C2F2FA
:10E03000010CDCF800104BF6B45201EB8103C2F284
:10E04000000252F8230048B902EB8300A0F1140348
:10E05000D1B153F8140901390028F9D001EB81003E
:10E0600002EB800353F8040F4268181D82421A60C5
:10E0700001D152681A60D0684CF2A412C2F20102B7
:10E080001060CCF8001070474FF0500080F31188FA
:10E09000BFF36F8FBFF34F8FFEE7B0B5024601208D
:10E0A0000021002500F023F8044638B12046002165
:10E0B00000222560C4E9025500F0DCF82046B0BD1E
:10E0C000B0B582B00B46009001200021002200254F
:10E0D00000F02AF8044638B12046002100222560CD
:10E0E000C4E9025500F0C6F8204602B0B0BDF0B554
:10E0F00081B007464843503014460D46FEF74EFDAA
:10E10000064670B1002086F846003046002D18BF44
:10E11000503030603046C6E90F7500F04DF886F893
:10E120004C40304601B0F0BDB0B582B05BB11C468A
:10E1300099B992B14FF0500080F31188BFF36F8FFF
:10E14000BFF34F8FFEE74FF0500080F31188BFF30D
:10E150006F8FBFF34F8F00BFFEE751B14AB94FF049
:10E16000500080F31188BFF36F8FBFF34F8F00BF54
:10E17000FEE750230193019B502B12D1019B0123F9
:10E18000069D002984F8463014BF22602460C4E94B
:10E190000F01204600F010F8204684F84C5002B0E1
:10E1A000B0BD4FF0500080F31188BFF36F8FBFF305
:10E1B0004F8F00BFFEE7000070B54FF0500181F3B4
:10E1C0001188BFF36F8FBFF34F8F98B34CF2740C6D
:10E1D000C2F2010CDCF8002002F1010ECCF800E0E4
:10E1E0004AB30168D0E90F34002604FB0315013B54
:10E1F00003FB04138663C0E90115FF21C36080F8A7
:10E20000441080F845104FF0FF31034643F8181FC3
:10E210004361C0E907330346066143F82C1FBEF192
:10E22000000F8362C0E90C33466214D0CCF80020A2
:10E23000DAB170BDFEE74EF60451CEF20001096876
:10E240000906CED04FF0500080F31188BFF36F8FD6
:10E25000BFF34F8FFEE74FF0500080F31188BFF3FC
:10E260006F8FBFF34F8F00BFFEE7002080F3118850
:10E2700070BD00002DE9F04F87B00692C8B18A4604
:10E280000446002951D047F64420C2F2010000683C
:10E29000C8B141F2F860C2F20100006898B192B1D1
:10E2A0004FF0500080F31188BFF36F8FBFF34F8F93
:10E2B000FEE74FF0500080F31188BFF36F8FBFF37C
:10E2C0004F8F00BFFEE74CF2740B4FF0500080F30D
:10E2D0001188BFF36F8FBFF34F8FC2F2010BDBF8D2
:10E2E0000010481C0029CBF8000000F01281A16B3F
:10E2F000E36B994225D220465146FDF777FF616ACC
:10E30000002900F01881206B01F0A2F8002800F02D
:10E310001E814EF60450CEF200004FF08051016095
:10E32000BFF34F8FBFF36F8F11E1206C0028AAD08D
:10E330004FF0500080F31188BFF36F8FBFF34F8F02
:10E34000FEE7002A00F0DB8004F1100102914EF696
:10E35000045604F1180141F2F867CEF2000601916B
:10E360000025C2F201070DF110080DF11809002176
:10E37000039100BF039969B947F6E811C2F20101A0
:10E380000968049147F65C21C2F201010968059110
:10E3900001210391002800F0FA800138CBF8000039
:10E3A00001D185F311883868013038604FF0500092
:10E3B00080F31188BFF36F8FBFF34F8FDBF800003E
:10E3C000411CCBF8001018B93268120640F00581E4
:10E3D00094F84420FF2A08BF84F8445094F845205C
:10E3E000FF2A08BF84F84550002900F0DA80CBF8F6
:10E3F000000008B985F311884046494600F082FEC6
:10E40000002840F0D8804FF0500080F31188BFF30F
:10E410006F8FBFF34F8FDBF80000421CCBF800205A
:10E4200038B1A16B002A00F0CF80E26BCBF800007E
:10E4300009E03168090640F0DA80A16BE26BCBF8A5
:10E44000000085F31188914214D14CF2A411C2F25C
:10E45000010106980968B9460A4652F8185FB046A5
:10E460006B1C0DD0019B00BF1F465B681E68AE424F
:10E47000FAD907E02046FEF7B1FA01F067F823E089
:10E48000276A7B68CB619A607A60029A0F628A621F
:10E490002169013121610121FDF786FC2046FEF74B
:10E4A0009DFA01F053F846464FF000054F460DF136
:10E4B00010080DF1180938B94FF080503060BFF3E3
:10E4C0004F8FBFF36F8F00BF4FF0500080F3118864
:10E4D000BFF36F8FBFF34F8FDBF80010481CCBF8F2
:10E4E000000019B93168090640F08B80A16BE26B1E
:10E4F0009142FFF400AF069900297FF43BAF00285A
:10E500003BD00138CBF800005AD1002080F31188AD
:10E5100057E04EF60451CEF20001096809063FF4B7
:10E52000E6AE4FF0500080F31188BFF36F8FBFF35A
:10E530004F8F00BFFEE750B14EF60450CEF2000000
:10E540004FF080510160BFF34F8FBFF36F8FDBF847
:10E55000000040B10138CBF8000002D1002080F368
:10E56000118801202DE04FF0500080F31188BFF397
:10E570006F8FBFF34F8F00BFFEE74FF0500080F367
:10E580001188BFF36F8FBFF34F8F00BFFEE74FF0CF
:10E59000500080F31188BFF36F8FBFF34F8F00BF20
:10E5A000FEE74FF0500080F31188BFF36F8FBFF389
:10E5B0004F8F00BFFEE72046FEF710FA00F0C6FFBF
:10E5C000002007B0BDE8F08F4FF0500080F31188B5
:10E5D000BFF36F8FBFF34F8FFEE74FF0500080F314
:10E5E0001188BFF36F8FBFF34F8F00BFFEE74FF06F
:10E5F000500080F31188BFF36F8FBFF34F8F00BFC0
:10E60000FEE74FF0500080F31188BFF36F8FBFF328
:10E610004F8F00BFFEE700002DE9F04F85B0049258
:10E62000C8B10D460446002966D047F64420C2F220
:10E6300001000068C8B141F2F860C2F20100006850
:10E6400098B192B14FF0500080F31188BFF36F8FF3
:10E65000BFF34F8FFEE74FF0500080F31188BFF3F8
:10E660006F8FBFF34F8F00BFFEE74CF274074FF080
:10E67000500080F31188BFF36F8FBFF34F8FC2F24A
:10E6800001073968481C0029386042D0D4F8389016
:10E69000B9F1000F4DD0226C52B1D4E9023081188B
:10E6A000E160994224BF2168E1602846F2F710FD3D
:10E6B000A9F10100A063206970B1E06900F0C8FE13
:10E6C00050B14EF60450CEF200004FF08051016080
:10E6D000BFF34F8FBFF36F8F4FF0010B38680028E7
:10E6E00000F028810138386002D1002080F31188C1
:10E6F000584605B0BDE8F08F206C00283FF495AF78
:10E700004FF0500080F31188BFF36F8FBFF34F8F2E
:10E71000FEE74EF60451CEF2000109680906B5D0B5
:10E720004FF0500080F31188BFF36F8FBFF34F8F0E
:10E73000FEE7002A4FF0000BD0D041F2F86A04F156
:10E74000240604F12C01C2F2010A4FF000080191E5
:10E75000B8F1000F0DD147F6E811C2F201010968C6
:10E760004FF00108029147F65C21C2F201010968ED
:10E770000391002800F0E7800138386001D18BF365
:10E780001188DAF800000130CAF800004FF050009C
:10E7900080F31188BFF36F8FBFF34F8F3868411C30
:10E7A000396038B94EF60452CEF2000212681206F1
:10E7B00040F0E08094F84420FF2A08BF84F844B079
:10E7C00094F84520FF2A08BF84F845B0002900F0DE
:10E7D000C480386008B98BF3118802A804A900F03E
:10E7E00091FCC0B12046FEF7F9F800F0AFFE4FF003
:10E7F000500080F31188BFF36F8FBFF34F8F3868DD
:10E80000411C3960F8B1A26B002900F0BC80002ADD
:10E8100038606FD1ABE04FF0500080F31188BFF348
:10E820006F8FBFF34F8F3868411C3960D8B1A26B2E
:10E83000002900F0BC8038601AB32046FEF7CEF8FD
:10E8400000F084FE56E04EF60451CEF20001096855
:10E85000090640F0B680A16B3860002080F3118873
:10E86000002947D183E04EF60451CEF20001096839
:10E87000090640F0B080A16B38608BF31188002945
:10E88000DBD14CF2A411C2F201010498D1F800C00E
:10E89000B146E6465EF8181F4B1C07D0019B00BF2F
:10E8A0001E465B681A688A42FAD901E0666B736893
:10E8B000CCF81C30C3F808E0CCF82060C6F804E0BF
:10E8C000CCF82890616A4E46013161620121FDF762
:10E8D0006BFA2046FEF782F800F038FE50B94EF68B
:10E8E0000450CEF200004FF080510160BFF34F8F13
:10E8F000BFF36F8F4FF0500080F31188BFF36F8F1D
:10E90000BFF34F8F3968481C386031B94EF6045157
:10E91000CEF20001096809063FD1D4F83890B9F168
:10E92000000F7FF4B8AE049900297FF411AF4FF0C7
:10E93000000BD3E64FF0500080F31188BFF36F8FC8
:10E94000BFF34F8FFEE74FF0500080F31188BFF305
:10E950006F8FBFF34F8F00BFFEE74FF0500080F383
:10E960001188BFF36F8FBFF34F8F00BFFEE74FF0EB
:10E97000000BBDE64FF0500080F31188BFF36F8F9E
:10E98000BFF34F8FFEE74FF0500080F31188BFF3C5
:10E990006F8FBFF34F8F00BFFEE74FF0500080F343
:10E9A0001188BFF36F8FBFF34F8F00BFFEE74FF0AB
:10E9B000500080F31188BFF36F8FBFF34F8F00BFFC
:10E9C000FEE74FF0500080F31188BFF36F8FBFF365
:10E9D0004F8F00BFFEE74FF0500080F31188BFF368
:10E9E0006F8FBFF34F8F00BFFEE700002DE9F043AC
:10E9F00081B0B8B3914605460E4600293BD0FFF7DB
:10EA0000CFFAEFF311884FF0500080F31188BFF375
:10EA10006F8FBFF34F8FAC6B002C38D095F84470DC
:10EA20002A6C52B1D5E902308118E960994224BFBD
:10EA30002968E9603046F2F74BFB601EFF2FA863A0
:10EA400027D1286940B3E86900F002FD0146B9F119
:10EA5000000F4FF0010018BF00291ED00120C9F897
:10EA600000001AE04FF0500080F31188BFF36F8F61
:10EA7000BFF34F8FFEE7286C0028C0D04FF0500046
:10EA800080F31188BFF36F8FBFF34F8FFEE7002035
:10EA900003E0781C85F84400012088F3118801B058
:10EAA000BDE8F0832DE9F04F87B0069158B10446D8
:10EAB000006C90B14FF0500080F31188BFF36F8F5E
:10EAC000BFF34F8FFEE74FF0500080F31188BFF384
:10EAD0006F8FBFF34F8F00BFFEE747F64420C2F2AF
:10EAE0000100006878B141F2F860C2F201000068EC
:10EAF00048B141B14FF0500080F31188BFF36F8FE0
:10EB0000BFF34F8FFEE74CF2740B4FF0500080F3D1
:10EB10001188BFF36F8FBFF34F8FC2F2010BDBF889
:10EB20000020501CCBF800009AB3A26B002A40D002
:10EB3000501EA063206858B94CF2A410C2F2010024
:10EB4000016819B101680A6D01320A650068A060A8
:10EB5000206970B1E06900F07BFC50B14EF60450C2
:10EB6000CEF200004FF080510160BFF34F8FBFF332
:10EB70006F8F0120DBF80010002900F0AD81013912
:10EB8000CBF8001002D1002181F3118807B0BDE855
:10EB9000F08F4EF60452CEF2000212681206C4D074
:10EBA0004FF0500080F31188BFF36F8FBFF34F8F8A
:10EBB000FEE704F124024EF60458039204F12C02FD
:10EBC00047F6E81A47F65C2741F2F865CEF20008EE
:10EBD00001920026C2F2010AC2F20107C2F2010547
:10EBE0004FF0000900220292002900F07E81B9F165
:10EBF000000F06D1DAF800104FF0010904913968CE
:10EC00000591002800F07F810138CBF8000001D188
:10EC100086F311882868013028604FF0500080F397
:10EC20001188BFF36F8FBFF34F8FDBF80000411CDB
:10EC3000CBF8001020B9D8F80020120640F09181DE
:10EC400094F84420FF2A08BF84F8446094F84520D3
:10EC5000FF2A08BF84F84560002900F05E81CBF8E8
:10EC6000000008B986F3118804A806A900F04AFA42
:10EC7000E0B12046FDF7B2FE00F068FC4FF0500016
:10EC800080F31188BFF36F8FBFF34F8FDBF8000065
:10EC9000411CCBF8001020B3A26B002900F06B815F
:10ECA000002ACBF8000040F0FF8040E14FF0500018
:10ECB00080F31188BFF36F8FBFF34F8FDBF8000035
:10ECC000411CCBF80010D0B1A26B002900F0678185
:10ECD000CBF80000FAB12046FDF780FE00F036FCCC
:10ECE000E2E0D8F80010090640F06381A16BCBF890
:10ECF000000086F31188002940F0D68017E1D8F88B
:10ED00000010090640F06F81A16BCBF8000086F37C
:10ED100011880029DFD120684CF2A415DDF80CC061
:10ED20000028C2F2010540F087804FF0500080F3C8
:10ED30001188BFF36F8FBFF34F8FDBF80010481CB3
:10ED4000CBF8000021B9D8F80010090640F0CF81B7
:10ED5000A168F1B1CB6A2A68D26A93421BD28A6950
:10ED6000E246002A04D42A68D26AC2F138028A61D3
:10ED70004BF6B4574A6903EB8303C2F2000707EB73
:10ED800083039A4210D02A68D446D26ACA6201210B
:10ED900048E0002146E0C96C2A68D26A91424FF0EF
:10EDA000000138BF01213DE0D1E90273AC46BB60F0
:10EDB0005568CB68081D85425F6008BF53604E618F
:10EDC00013684BF6B458013B13601268DCF800205E
:10EDD00041F2FC63D26AC2F20103CA621B68C2F24A
:10EDE00000089A4282BF41F2FC63C2F201031A603A
:10EDF00002EB820208EB82035F684B61BD688F60A3
:10EE0000CD60BD68B860686058F82200012101300B
:10EE100048F82200DBF800004EF604586546CEF2B2
:10EE20000008D446002800F04E8101380291CBF84A
:10EE3000000001D186F31188069829680A4652F825
:10EE4000185F6B1C06D0019B1E465B681F68AF42B3
:10EE5000FAD901E0666B7368CB619A600E627260EA
:10EE6000C1F828C0616A013161620121FCF79CFF91
:10EE70002046FDF7B3FD00F069FB38B94FF0805034
:10EE8000C8F80000BFF34F8FBFF36F8F47F6E81A43
:10EE900047F65C2741F2F8650026C2F2010AC2F289
:10EEA0000107C2F2010500BF4FF0500080F3118846
:10EEB000BFF36F8FBFF34F8FDBF80010481CCBF808
:10EEC000000019B9D8F8001009065ED1A26B002A1B
:10EED0007FF42EAE069987E64FF0500080F311883C
:10EEE000BFF36F8FBFF34F8FFEE70298002800F04B
:10EEF000DE804FF0500080F31188BFF36F8FBFF3B7
:10EF00004F8F00BFFEE74FF0500080F31188BFF332
:10EF10006F8FBFF34F8F00BFFEE74FF0500080F3BD
:10EF20001188BFF36F8FBFF34F8F00BFFEE70298CA
:10EF3000002848D04FF0500080F31188BFF36F8F46
:10EF4000BFF34F8FDBF80000411C0028CBF8001006
:10EF50003BD0606A002850D0206B0068C0F13800B8
:10EF60004CE04FF0500080F31188BFF36F8FBFF378
:10EF70004F8F00BFFEE74FF0500080F31188BFF3C2
:10EF80006F8FBFF34F8F00BFFEE74FF0500080F34D
:10EF90001188BFF36F8FBFF34F8F00BFFEE74FF0B5
:10EFA000500080F31188BFF36F8FBFF34F8F00BF06
:10EFB000FEE74FF0500080F31188BFF36F8FBFF36F
:10EFC0004F8F00BFFEE70020E0E5D8F80000000604
:10EFD000BFD04FF0500080F31188BFF36F8FBFF3A5
:10EFE0004F8F00BFFEE74FF0500080F31188BFF352
:10EFF0006F8FBFF34F8F00BFFEE70020A1684CF278
:10F00000A417C2F20107002951D00B6D002B50D07C
:10F01000CA6C824238BF0246012B4FF000007FF4D9
:10F02000A9ADCE6A96423FF4A5AD3868884254D067
:10F030008869CA62002802D4C2F1380088614BF6A0
:10F04000B4574B6906EB8600C2F2000707EB80005D
:10F0500083422CD1D1E902765D68BE60CE68081D7E
:10F0600077600027854208BF5E604F611F684BF6DE
:10F07000B455013F1F6041F2FC671B68C2F20107F3
:10F080003B68C2F200059A4288BF3A6002EB8202F6
:10F0900005EB82035F684B61BE688F60CE60BE681F
:10F0A000B860706055F82200013045F82200002059
:10F0B00060E54FF0500080F31188BFF36F8FBFF30E
:10F0C0004F8F00BFFEE74FF0500080F31188BFF371
:10F0D0006F8FBFF34F8F00BFFEE74FF0500080F3FC
:10F0E0001188BFF36F8FBFF34F8F00BFFEE74FF064
:10F0F000500080F31188BFF36F8FBFF34F8F00BFB5
:10F10000FEE700002DE9F041B8B34FF0500282F362
:10F110001188BFF36F8FBFF34F8F69B34CF2740E3A
:10F12000C2F2010EDEF80020531CCEF8003072B39C
:10F1300047F65C2CC2F2010CDCF800500A68541C43
:10F1400018D047F6E8184668C2F20108D8F80070EF
:10F15000B54202D30468A7422BD1AD1BAA4226D9DF
:10F16000521B0A60D8F800100160DCF80010DEF8CD
:10F170000030416000201DE0FEE74FF0500080F3BA
:10F180001188BFF36F8FBFF34F8F00BFFEE74EF6BE
:10F190000452CEF2000212681206C9D04FF050009D
:10F1A00080F31188BFF36F8FBFF34F8FFEE700200E
:10F1B0000860012053B1591ECEF8001018BFBDE8F9
:10F1C000F081002181F31188BDE8F0814FF05000FB
:10F1D00080F31188BFF36F8FBFF34F8FFEE70000FE
:10F1E00070B586B00B9CCCB10C9E06B35C25049523
:10F1F000049D5C2D25D1049DDDF828C0022586F8EC
:10F20000595005AD3463CDE900C50296FDF7F8F815
:10F210003046FCF75FFE059806B070BD4FF0500019
:10F2200080F31188BFF36F8FBFF34F8FFEE74FF06E
:10F23000500080F31188BFF36F8FBFF34F8F00BF73
:10F24000FEE74FF0500080F31188BFF36F8FBFF3DC
:10F250004F8F00BFFEE700002DE9F04F41F2F8604C
:10F26000C2F201000068A8B14CF22C20C2F20100E9
:10F270000168013101604CF2A421C2F200010020BA
:10F2800008704CF2E411C2F201010A6801320A600E
:10F29000BDE8F08F47F65C20C2F20100016811F171
:10F2A000010BC0F800B02ED34BF6AC50C2F20000F8
:10F2B000026812684AB14FF0500080F31188BFF322
:10F2C0006F8FBFF34F8F00BFFEE74CF2A813C2F25F
:10F2D000010302681F6807601A6047F6E812C2F26D
:10F2E00001021368013313600268126822B10068DA
:10F2F000C068C068406801E04FF0FF304CF2242243
:10F30000C2F2010210604CF22421C2F2010108682D
:10F310004CF2A41C4BF6B45E8345C2F2010CC2F25F
:10F32000000E01D200206BE04BF6AC5AC2F2000A8C
:10F33000DAF800004FF00009006800285CD041F2C4
:10F34000FC68C2F201080020DAF80040E468E668D0
:10F35000374657F8045FAB4549D3D6E9023475699F
:10F360009C606968F468B942636008BF6C60C6F865
:10F3700014902968013929602968B56A95B1D6E9E0
:10F38000071362468B606B68346A06F1180C63459C
:10F39000616008BF6C60C6F82890296894460139FE
:10F3A00029602968F56AD8F800108D4205EB8501BF
:10F3B00088BFC8F800500EEB81035C687361A268D7
:10F3C000B460F260A268A76057605EF82120013245
:10F3D0004EF82120DCF80010C96ADAF800208D42CE
:10F3E00028BF012011680029AED14FF0FF354CF243
:10F3F0002421C2F2010102E04FF0FF3500200D6030
:10F40000DCF80010C96A01EB81015EF821100129C6
:10F410004CF22C21C2F2010188BF0120096861B9B8
:10F420004CF2A421C2F2000100220A704CF2E41155
:10F43000C2F201010A6801320A604CF25021C2F2A4
:10F4400001010968002918BF0120BDE8F08F000004
:10F45000B0B5C06858B3D0E90713826A8B60036AFD
:10F46000D2F804E000F1180C59600021E64508BF0D
:10F4700053608162116801391160116841F2F861CD
:10F48000C2F201010968E1B147F6F011C2F20101CF
:10F490000A684B6801329D68C36105629D68C3F8C4
:10F4A00008C0C5F804C081620A60C26A3CE04FF03F
:10F4B000500080F31188BFF36F8FBFF34F8F00BFF1
:10F4C000FEE7D0E9021342698B60C368D2F804E01A
:10F4D00000F1040C59600021E64508BF536041610A
:10F4E000116841F2FC63013911601168C2F2010335
:10F4F000C26A19684BF6B45E8A4202EB8201C2F21C
:10F50000000E88BF1A600EEB81035C684361A5683A
:10F510008460C560A568C4F808C0C5F804C05EF87A
:10F52000210001304EF821004CF2A410C2F201007B
:10F530000068C06A824291BF00204CF25021C2F2A2
:10F540000101012088BF0860B0BD00002DE9F04F27
:10F5500081B041F2F860C2F2010001684FF0500240
:10F5600082F31188BFF36F8FBFF34F8FD1B14CF28D
:10F570007407C2F2010739684A1C3A6099B1016800
:10F58000013901600068F0B100203968002900F0FD
:10F5900093800139396002D1002181F3118801B0D3
:10F5A000BDE8F08FFEE74EF60451CEF20001096887
:10F5B0000906E4D04FF0500080F31188BFF36F8F3D
:10F5C000BFF34F8FFEE74CF2EC10C2F2010000686F
:10F5D0000028D9D047F6F014C2F2010420684CF29A
:10F5E00050260028C2F2010600F07E80E0684BF64B
:10F5F000B457C168C2F20007D1E90A5A4E690AEB52
:10F600008A0007EB800041F2FC6B01F118090B1D29
:10F6100000F1040CC2F2010BD1E907E2CEF8082098
:10F620006A68D1F820804A45C8F804E008BFC5F8E8
:10F6300004802A68013A2A602A68D1E9022577689D
:10F640009560CD689F426A6008BF75603268013A74
:10F6500032603268DBF80020924588BFCBF800A00A
:10F66000DCF8002097688A60CF60976893607B60C1
:10F670000268013202604CF2A412C2F20102126866
:10F68000D26A924505D34CF25022C2F20102012700
:10F69000176022680025002A0646BDD148614BF656
:10F6A000AC508D62C2F200000168096869B100685F
:10F6B000C068C06840680AE04FF0500080F31188CD
:10F6C000BFF36F8FBFF34F8FFEE74FF0FF304CF269
:10F6D00074074CF250264CF22421C2F20107C2F208
:10F6E0000106C2F2010108604CF22C28C2F20108A6
:10F6F000D8F800504DB10124FFF7AEFD00B13460E1
:10F70000013DF9D10020C8F80000306800283FF41E
:10F710003BAF4EF60450CEF200004FF08051016036
:10F72000BFF34F8F0120BFF36F8F2EE780B584B0FA
:10F73000C0B1034647F66020C2F201000068D0B1B4
:10F740008DE80E0047F64421C2F20101096821B19B
:10F7500041F2F861C2F20101096869460022FEF730
:10F7600089FD09E04FF0500080F31188BFF36F8FDF
:10F77000BFF34F8FFEE7002004B080BD30380A2869
:10F7800001D201207047002070478A68002A01DCFE
:10F79000F1F79CB8521E8A604A68C0B2531C4B6095
:10F7A00010707047F1EE100A4FF6FF71C0F2C031D1
:10F7B00020EA010040F04070E1EE100A70470400BA
:10F7C000000800000000000000020001000010001E
:10F7D0006CFC0008000000000000000000000000B9
:10F7E00000000000000000005CFC000800000000B9
:10F7F0000000000000000000000000000000000009
:10F8000041FD0008000000000000000000000000B2
:10F8100000000000000000003D6D00088D6D000834
:10F820003A535444455252003A535444494E003AD4
:10F830005354444F55540000ADFC00080000000034
:10F8400000000000000000000000000000080000B0
:10F85000180000000000000000000000FDFC00088F
:10F860000000000094C001202C00000095FC00085E
:10F870000000000000000000000000000000000088
:10F88000000200001800000000000000000000005E
:10F89000DCFB000800000000000000000000000089
:10F8A00039FC00080000000000000000000000001B
:10F8B00000000000000000001CFD00080000000027
:10F8C000680600202C00000029FD00080000000050
:10F8D000980600202C000000005EBCE2613FDD8342
:10F8E000C29C7E20A3FD1F419DC3217FFCA2401E20
:10F8F0005F01E3BD3E6082DC237D9FC1421CFEA010
:10F90000E1BF5D0380DE3C62BEE0025CDF81633DFF
:10F910007C22C09E1D43A1FF4618FAA427799BC5EF
:10F9200084DA3866E5BB5907DB856739BAE40658DF
:10F930001947A5FB7826C49A653BD987045AB8E6CF
:10F94000A7F91B45C6987A24F8A6441A99C7257BBF
:10F950003A6486D85B05E7B98CD2306EEDB3510FAF
:10F960004E10F2AC2F7193CD114FADF3702ECC929F
:10F97000D38D6F31B2EC0E50AFF1134DCE90722C8F
:10F980006D33D18F0C52B0EE326C8ED0530DEFB17F
:10F99000F0AE4C1291CF2D73CA947628ABF517496F
:10F9A0000856B4EA6937D58B5709EBB536688AD45F
:10F9B00095CB2977F4AA4816E9B7550B88D6346A4F
:10F9C0002B7597C94A14F6A8742AC896154BA9F73F
:10F9D000B6E80A54D7896B35000000000102030421
:10F9E0007FFC000800000000000000000000000094
:10F9F00000000000000400001000000000000000F3
:10FA000000000000A4FC000800000000000000004E
:10FA10000000000000000000701700000800000057
:10FA20000000000000000000B6FC0008000000001C
:10FA300000000000000000000000000000040000C2
:10FA4000200000000000000000000000F3FC00089F
:10FA500000000000382000202C00000028FC0008D6
:10FA60000000000000000000000000000000000096
:10FA70000000000011FD00080000000024C101206A
:10FA80002C00000016FC00080000000098B80020C0
:10FA90005000000058C10120200000004DFD00086A
:10FAA00000000000000000000000000036FD00081B
:10FAB0000000000000000000000000008BFC0008B7
:10FAC0000000000000000000000000000000000036
:10FAD0000004000010000000000000000000000012
:10FAE00060FD0008000000000000000000000000B1
:10FAF000CCFC000800000000000000000000000036
:10FB000000000000000400001800000000000000D9
:10FB100000000000EEFB00080000000000000000F4
:10FB2000000000004CFC00080000000064BC002045
:10FB30005000000064BB002000010000DBFC000856
:10FB400000000000000000000000000000000000B5
:10FB50000004000018000000000000000000000089
:10FB6000B8FB0008000000000000000000000000DA
:10FB7000BFFC0008000000000000000000000000C2
:10FB80000000000000040000180000000000000059
:10FB900000000000FDFB0008000000000000000065
:10FBA00000000000CCFB0008000000000000000086
:10FBB0000000000048494400736275735F6461741B
:10FBC000615F72656164795F30315F007370695F96
:10FBD00074785F66696E697368656400626C7565E8
:10FBE000746F6F74685F74785F69646C65007061CE
:10FBF000636B65745F74785F69646C6500736572CC
:10FC000069616C5F736572766F5F72785F636F6D49
:10FC1000706C657465006D6F76696E675F63747292
:10FC20006C5F7175657565006C76676C5F65766590
:10FC30006E745F717565756500626C7565746F6F64
:10FC400074685F74785F7175657565007061636B6A
:10FC500065745F74785F7175657565006C65643196
:10FC60005F6374726C5F71757175650062757A7A25
:10FC70006572315F6374726C5F7175717565006474
:10FC8000656661756C745461736B006F6C65645F5D
:10FC90007461736B00626C7565746F6F74685F7408
:10FCA00061736B006775695F7461736B006170707D
:10FCB0005F7461736B00696D755F7461736B007362
:10FCC0006275735F72785F7461736B007061636BF0
:10FCD00065745F72785F7461736B007061636B65EC
:10FCE000745F74785F7461736B005465726D696ED4
:10FCF000616C006C65645F74696D6572006261744B
:10FD0000746572795F636865636B5F74696D657252
:10FD1000006C76676C5F74696D65720062757474EF
:10FD20006F6E5F74696D65720062757A7A65725F75
:10FD300074696D6572006F6C65645F6D757465786C
:10FD4000006C776D656D5F6D75746578006D7075AD
:10FD5000363035305F646174615F7265616479006B
:10FD60007061636B65745F72785F6E6F745F656DF1
:10FD700070747900EFD9000831DA000843D4000824
:10FD8000BE00020203030304040707000006000686
:10FD900000011A025706F0200500F101210631F199
:10FDA000192922071BF7495600230A2DF3AB86AA0F
:10FDB00086AA00240A35F11B2AEF34740425082D85
:10FDC000F1912B5753260B35F15B190E99625C00AC
:10FDD00027061AF7510A280732F153CD00290832B5
:10FDE000F189A952002A092DF3ADAAD58C002B0A5E
:10FDF0002DF1CD280E9951042C061AF1510A2D0629
:10FE00000DF519022E0612F119012F082DF147B92F
:10FE10001B01300A35F15B71A5A9D302310672F1DD
:10FE20005B1D320A35F15B39CA9CD110330A35F1BA
:10FE30005B396AA8D302340B35F1CF32A5A1334A1E
:10FE400000350B35F1B9D1C830A3A100360B35F11F
:10FE50005B198D94755A00370B35F1191AE51A653F
:10FE60001401380A35F15B39ADACD302390B35F1E9
:10FE70005B59A791515A003A0832F119198D003B8C
:10FE80000832F1195129003C072BF14D75013D084D
:10FE90001DF3191A0E013E072BF1C955093F09350B
:10FEA000F15BB94D4700400B35F15B598D945435EA
:10FEB00002410A35F15B598F917500420B35F119FA
:10FEC000290F95F55000430B35F11B1A65945186A7
:10FED00023440935F11929BB8702450B35F1B9D106
:10FEE0004819653404460C35F1B9D14819659411A7
:10FEF00000470B35F11B1AA591751A01480935F118
:10FF0000C97A8C6C07490B35F11932A38C328A43BC
:10FF10004A0B35F1D728A38C745A004B0A35F1C926
:10FF20003295B3CA014C0C35F1C928A38C32CA688A
:10FF3000084D0A35F1C96B2595B40E4E0A35F1C945
:10FF40005325B975004F0935F15BD99D1600500B4B
:10FF500035F11929EBA132CA08510A35F15BD94AAA
:10FF600032AA00520A35F11929EBA1CA28530B36DF
:10FF7000F11B1B6BACF15800540C35F11932A38CFA
:10FF800032CA2802550835F1C9DE6901560D37F12C
:10FF9000C930E598AB8C6A9801570935F1C95652BA
:10FFA000E90E580935F1C9A9AE6A1D590C35F1C9D8
:10FFB000A9CE28A38C22005A0C36F1B951461965F6
:10FFC00094D1185B0732F1592D015C0A2DF1C9302B
:10FFD000C30C330C5D0732F151AD015E071DF7CD47
:10FFE000A90E5F060DF11902600612F98901610A76
:10FFF0002DF1DB300D9D4600620A35F1C928995A72
:020000040801F1
:100000000F05630A2DF11B1A6594E108640A35F1A6
:1000100047C9DC3A8D00650A2DF15B798C0C4700ED
:10002000660B35F15D79A88C32CA00670A2DF11B89
:100030003A8D8C8602680935F1C92899DA0E69066D
:10004000B1F149236A0A35F14799CE48A7056B0AF1
:1000500034F1C9512599CA006C0672F1513D6D0AFF
:100060002DF1512D955452056E082DF149A6B60378
:100070006F082DF15BD94E0B700B2DF119290F95DF
:10008000514600710A2DF11B3A8D8C320A720A2DED
:10009000F149A646196504730A2DF11B1A6E38142E
:1000A00000740B35F1CB43659451860375082DF12F
:1000B000C94EA502760A2DF1C93A9529470077095C
:1000C0002DF1C956525D0078092DF1C9A9AEEA009B
:1000D000790A2DF1C93A8D8C86027A082DF119BA68
:1000E0003D047B0833F14D75CC017C0571F1397D00
:1000F0000833F1C9554C117E081DF3CBA94E00A160
:100100000631F14923A20B35F1CD43C594478C004C
:10011000A30A35F19519CD8CF210A40A74F189491E
:100120004599540CA50A35F1C9A9CE3BA308A606EA
:1001300031F19102A70B36F11B1B8F38321E0BA831
:10014000060BFB4901A90B3DF1B9D2D850C9A8044F
:10015000AA082BF399438D00AB071DF38BB201ACBA
:10016000081DF1191A6514AD050BF519AE0735F127
:10017000EBFF07AF060DFB1902B0071BF719690467
:10018000B10825F38D43C621B2072BF3D1690EB315
:10019000072BF3D11700B40612F95300B5092DF15E
:1001A000C9E6501A01B60C35F11B2AA94AC51453E9
:1001B00000B70509F709B80613F15D00B9062AF37F
:1001C0005B0DBA072BF3ABAC0ABB081DF389A54C3A
:1001D00000BC0934F1AFC6A11400BD0934F1AF462B
:1001E000944901BE0A36F1CF30CFAEA401BF083525
:1001F000F1CD74D702C00A3DF1D9E4CA63641DC1D0
:100200000A3DF1DD78E531B20EC20B3DF1CD29AEEC
:100210003C46D601C30A3DF1EB5E798CAC03C40ABF
:100220003DF1ABA995C7C83AC50B3DF15B39AD3C73
:1002300046D601C60B35F11B2AA638564C03C70B10
:1002400035F11B1A6538729400C80C3DF1D9D4D829
:1002500068A48C8600C90B3DF1DD706C34524643B6
:10026000CA0C3DF1CD298D8D46CA6808CB0C3DF1F5
:10027000ABF1D868A48C8600CC0C3DF1D9D4901990
:1002800065148700CD0B3DF1DD70C88C328A43CEFA
:100290000C3DF1CD290D9951467108CF0C3DF1ABC4
:1002A000F1901965148700D00B35F119298FA4F549
:1002B0005000D10A3DF1EBCC5325B903D20A3DF1F0
:1002C000D9E4CA765A00D30A3DF1DD78653B2D00AA
:1002D000D40A3DF1CD29AE6CA705D5093DF1EB5E01
:1002E000D94E0BD60A3DF1ABA995EDB400D7092D37
:1002F000F1C9A9AEEA00D80A35F15B59AE34D30290
:10030000D9093DF1D95476A705DA093DF1DD30BBB5
:10031000D302DB093DF1CDA976A705DC093DF1ABA0
:100320007176A705DD0C3DF1DD30A73AA38C2200E4
:10033000DE0B35F1C968A4AC87CA08DF0A35F19332
:1003400071C52A2B05E00B3DF1D9E48669E834023A
:10035000E10B3DF1DD78C334741A01E20B3DF1CDC0
:10036000296E98864E23E30B3DF1EBDE300D9D4662
:1003700000E40B3DF1ABA90DD3D06904E50B3DF1D1
:100380005B396D98864E23E6092DF1AB535A7512F1
:10039000E70B35F11B1A6538729400E80B3DF1D973
:1003A000E4CA63643802E90B3DF1DD78E531321CC3
:1003B00001EA0B3DF1CD29AE3C468623EB0B3DF126
:1003C000ABA995C7C87004EC073BF1D96407ED08E9
:1003D000BBF1D9383601EE087BF16BA3D802EF09E7
:1003E0007BF149998A2D00F00A35F1DD280DADD356
:1003F00002F1093DF1EB4CA6B603F20A3DF1D9E456
:10040000CA765A00F30A3DF1DD78653B2D00F40A07
:100410003DF1CD29AE6CA705F5093DF1EB5ED94E56
:100420000BF60A3DF1ABA995EDB400F7092DF1CD1E
:10043000D4D05404F80A2DF15B71A5991600F9097E
:100440003DF1D954762A15FA093DF1DD303B950A84
:10045000FB093DF1CDA9762A15FC093DF1AB71767A
:100460002A15FD0B3DF1DD30EB34321A0AFE0C3556
:10047000F1C968A43C54461901FF0C3DF1AB71D69B
:10048000696434140000000004FFFF00001815A187
:1004900015C819FF1815A015C019FF1815AE15D5E8
:1004A000168015A8161F15D316001540158D1614A5
:1004B0001520160015A115C815DA16021581168F1C
:1004C00015D916F115DB1640152E15A415A619FF22
:1004D0001815AF19FF1815AE19FF00000001140A16
:1004E0006464323200127A0000042896100400007E
:1004F00080002000380501080000002028000000CE
:10050000C40100086005010800C001207800000057
:10051000C401000860050108280000204082010095
:10052000E0010008D805010878C00120DC010000C6
:10053000E001000800000000000000000024F400BA
:1005400018F800082D2D2D2E2D2D2D2E2D2D2D2E74
:100550002D2D2D0000000000000000000000000014
:100560000000000000000000B4FB000803000000D1
:10057000095D00086F5C0008F9590008FD5E00087D
:1005800085600008000000006A00000008000020EC
:100590000800002000000000000000000000000033
:1005A00000000010000001008820002000980000DA
:1005B00000000000000000002D2D2D2E2D2D2D2ED1
:1005C0002D2D2D2E2D2D2D000000000000000000EF
:0805D00010000000AAAAAAAA6B
:040000050800018965
:00000001FF
